id,user_id,companyname,servicename,locations,categorys,subcategory,price,perprice,allhour,ofprice,percen,workingdays,opentime,closetime,spworkingday,spopentime,spclosetime,number,imgfold,dimgfold,address,description,shortdescription,gmap,lati,lngi,plist,is_active,avr_rat,viewscont,email,website,facebook,twitter,instagram,linkedin,slug,created_at,updated_at
0040a80c-92af-4722-92ef-f2d9e284bf44,,"Residential,    Commercial,    Apartments,    Villas",Manju Groups,T. Nagar,42,"280,281,287,289",45000.00,,,40000.00,11,Monday - Saturday,10:00:00,17:00:00,,,,044-40926999,"[""bb04af0f7ecaee4aae62035497da1387.jpg""]",images/service/1696918165living-room-interior-with-a-large-sectional-sofa-in-beige.jpg,"No. 36, 3rd Floor, Sudhama Commercial Building, VijayaRaghava Road, T. Nagar, Chennai, Tamil Nadu - 600 017","At Manju groups, we take gratification in our uncompromising integrity through the exquisite 21+ years of journey in the excellence of providing unique properties to the right customers. We are working all the time to give the best real estate investment service and management to the highest calibre. Our diverse verticals show you about our dedication which reflects in the faces of 21,000+ joyfully smiles with our 237+ remarkable projects. We are always available to assist you in making the best property choice for your bright future. Your genuine development, opulent lifestyle, and sense of pride are important to us. We guarantee that when you purchase a plot at Manju Groups, you will apparently receive an unparalleled value for your money, and the top-notch amenities we offer will sophisticate you to the core. Manju Groups not only prioritises clients within India but also welcomes NRIs and overseas investors who want to make investments here. In all the rapidly expanding cities, Manju Groups will be the one-stop shop for all kinds of plots and flats. Over the years, Manju Groups has continued to widen its scope, and as a result, our clients are now satisfied all over the world.",,https://www.google.com/maps/embed?pb=!1m18!1m12!1m3!1d3886.8676514288427!2d80.23924617510939!3d13.044095213284642!2m3!1f0!2f0!3f0!3m2!1i1024!2i768!4f13.1!3m3!1m2!1s0x3a52662effffffff%3A0xcc570b85b5c4b179!2sManju%20Groups!5e0!3m2!1sen!2sin!4v1696876922354!5m2!1sen!2sin,13.043637,80.212023,standard,false,,53,info@manjugroups.in,https://www.manjugroups.in/,https://www.facebook.com/manjufoundations/,https://twitter.com/groupsmanju,https://www.instagram.com/manju_groups_properties/?hl=en,https://in.linkedin.com/company/manju-groups,manju-groups,2023-09-30 19:39:50+00,2025-04-20 22:38:38+00
0176630a-d649-49f6-b556-e15c0e8e54ed,,"Car rental for Events and Conferences,       Self-drive car rental,      Long term car lease,      Employee transportation services,      Air travel,      VIP delegations,      Luxury wedding car rental",KTC India,Alandur,38,"250,252",12000.00,Charge,,,0,Monday - Sunday,12:00:00,23:59:00,,,,011-42588888,"[""b7ab1aac36b6428d3b7a3860a0d7a74f.png""]",images/service/1696844009ktc.jpg,"No. 16, 1st Floor, V.G.P. Murphy Square, Parangi Malai, Alandur, Chennai, Ramapuram, Tamil Nadu - 600 116","Chennai, the capital city of Tamil Nadu has a great historical legacy and is soaked in opulent temple architecture. It has an economic base anchored by the automobile, software services, medical tourism, hardware manufacturing and financial services Other important industries include petrochemicals, textiles and apparels. The Chennai Port and Ennore Port contribute greatly to its importance. When in Chennai you can use KTC as the most hygienic and comfortable option for all your on road transportation needs with English speaking drivers . KTC is the leader in Car and Coach Rental services and is there to offer you luxury car rental services, like Benz, BMW, Limousine, Rolls Royce, Jaguar, Toyota Commuter, Audi, car rental in Chennai and coaches. KTC also offers Helicopter rental in Chennai, helicopters can be hired by Individuals and they can also be used to welcome VIPs, political influencers, celebrities and other guests of honour. Hiring a helicopter for film shootings is another service done by us. Whether you are travelling from Chennai or travelling to Kerala or travelling anywhere across India , you can now enjoy life and culture by taking hassle free service of your choice with KTC India. KTC India offers car rentals with Daily, Weekly and Monthly plans to fulfill your business travel needs, leisure travel needs and your weekend getaway needs. You can either pick the car up from a predefined location or have your car delivered and picked up from your doorstep. What are you waiting for, book now and get the finest service guaranteed. KTC India, Luxury car and coach rental gives you the freedom and privacy you desire with the convenience. Whether you are on a business trip or leisure holiday, book a self-drive car rental in Chennai and explore the town hassle free with our luxury vehicles like you own it.",Out station Rental cars,https://www.google.com/maps/embed?pb=!1m18!1m12!1m3!1d31097.731342707695!2d80.18175341125377!3d13.021885937060611!2m3!1f0!2f0!3f0!3m2!1i1024!2i768!4f13.1!3m3!1m2!1s0x3a5265fa29bef24b%3A0x7b6016edff689319!2sKTC%20India%20-%20Luxury%20Car%20Rental%20Chennai!5e0!3m2!1sen!2sin!4v1696844150110!5m2!1sen!2sin,12.998429,80.192810,premium,true,,309,reservation@KTCIndia.com,//www.ktcindia.com/luxury-car-rental-chennai.php,//www.facebook.com/KTCIndia/,//twitter.com/IndiaKtc,//www.instagram.com/ktcind,//www.linkedin.com/company/ktc-india-private-limited,ktc-india,2023-09-30 13:51:02+00,2025-12-01 05:28:07+00
01ce5a7c-ff79-4c62-ae70-90bc99f6ffc0,,"Wedding hall,            Banquet hall",Risa Banquets,ECR - East Coast Road,15,33,90000.00,Day,,,0,Monday - Sunday,,,,,,+91 81898 21888,"[""7f367281bba91bd682d613522a67949a.png"",""7bec7e63a493e2d61891b1e4051ef75a.png"",""ecb9fe2fbb99c31f567e9823e884dbec.png"",""8c96a3d5e1a41ee7925daa5a4dc0c25a.png"",""5812f92450ccaf17275500841c70924a.png"",""ba9a56ce0a9bfa26e8ed9e10b2cc8f46.png"",""ac5c482277858d6fe45065d0a3f92b0c.png"",""357cfba15668cc2e1e73111e09d54383.png"",""e2eabaf96372e20a9e3d4b5f83723a61.png"",""15c71b874531f45bba372bfc35e9b8cf.png"",""adf854f418fc96fb01ad92a2ed2fc35c.png"",""7e8d7e5ccbddfd9576be61e3ab86aa73.png"",""7c220a2091c26a7f5e9f1cfb099511e3.png"",""8a36dfc67ebfbbea9bd01cd8a4c8ad32.png"",""52947e0ade57a09e4a1386d08f17b656.png"",""76330c26dea62332de2ca7b4a9ef51ec.png"",""cfd66e741860718ddecf1f6eabd05fc6.png"",""33853141e0873909be88f5c3e6144cc6.png""]",images/service/1710490401Screenshot 2024-03-15 132140.png,"No. 201/10, East Coast Road, Vettuvankeni, Chennai, Tamil Nadu - 600 115","One of the biggest premium banquets in Chennai's ECR is Risa Banquets, which has specially designed spaces to accommodate both unique weddings and business events. Along the charming East Coast Road in Chennai. Our banquet spaces are sophisticated, contemporary, and regal. Enjoy incredible moments at our specially created locations. Our rooms are special for a dream wedding or business gathering.The enormous new hall is magnificent with Customise the ambiance lighting of The Risa Ballroom, which was intended for weddings, using crystal chandeliers. Large rooms and opulent details are features of royal meetings. There are 750 cosy chairs in the ballroom. We host events in our stunning Crystal Hall. At Crystal Hall, celebrations, marriages, and business meetings are ideal. Calm surroundings and exquisite lighting promote peacefulness.
Crystal Hall can accommodate 350 people in luxury. For bigger parties, our Ballroom and Crystal Hall can accommodate 1250 people. Feasts are often required during royal ceremonies. There are buffets and seated meals in the Grand Hall on the second floor. While the royal feast is being prepared, guests can enjoy lunch in the Grand Hall from the Ballroom and Crystal Hall. The Grand Hall's floor area facilitates meetings. Grand Hall can accommodate 300 people in comfort. Our layout enables creative serving and sitting to accommodate your requirements.
The Big Indian Wedding brings together relatives and friends. Each of our guest rooms is meant to carry over the royal touch into every area, making sure that guests may enjoy the luxuries of Risa Banquet's distinctive style of hospitality.",,https://www.google.com/maps/embed?pb=!1m18!1m12!1m3!1d3888.6073649567697!2d80.25177939999999!3d12.9329383!2m3!1f0!2f0!3f0!3m2!1i1024!2i768!4f13.1!3m3!1m2!1s0x3a525ce87d733b2f%3A0x84cb3d0f63b3cbc8!2sRisa%20Banquets!5e0!3m2!1sen!2sin!4v1695451860838!5m2!1sen!2sin,12.932938,80.251779,premium,true,,315,bookings@risabanquets.com,//risabanquets.com/,,,,,risa-banquets,2023-09-23 06:49:59+00,2025-12-18 02:08:42+00
01e68923-c707-4f11-9fad-e32ff4ea1b60,,"Multi-Speciality,  Cardiac Science,  Neuorology,  Diabetology,  Gastroenterology,  Lung Centre,  Orthopaedics,  Dermatology,  General Surgery",Kauvery Hospital,Vadapalani,17,"86,89,90",60000.00,,,57000.00,5,Monday - Sunday,00:00:00,23:59:00,,,,044-40006000,"[""5837e05c0213dc1617e409543331442c.jpeg""]",images/service/1696920940kauvery-hospitals-chennai-5cc0636950b10.jpg,"No. 225A, 23, 1, Arcot Road, Ottagapalayam, Kannika Puram, Vadapalani, Chennai, Tamil Nadu - 600 026","Kauvery Hospital is a leading, multi-speciality hospital offering best-in-class medical services for nearly 2 decades. With paramount focus on patient care, patient safety and patient satisfaction, we are committed to offer exemplary medical services going beyond the norm of healthcare.",Hospital,https://www.google.com/maps/embed?pb=!1m18!1m12!1m3!1d3886.8106813089926!2d80.20173567510948!3d13.047719513204719!2m3!1f0!2f0!3f0!3m2!1i1024!2i768!4f13.1!3m3!1m2!1s0x3a52671051a0a6bd%3A0xe92bffb1ad150995!2sKauvery%20Hospital%20Vadapalani!5e0!3m2!1sen!2sin!4v1696920959915!5m2!1sen!2sin,13.047710,80.204206,standard,true,,118,info@kauveryhospital.com,//www.kauveryhospital.com/our-locations/chennai-vadapalani,//www.facebook.com/kauveryhospitalchennai/,//twitter.com/kauveryhospital,//www.instagram.com/kauveryhospital/,//www.linkedin.com/company/kauveryhospitalgroup/,kauvery-hospital,2023-10-10 06:55:40+00,2025-12-28 10:59:16+00
04bbf59e-5862-49d7-80a7-1083d4ed2749,,"IAS Coaching,     TNPSC coaching",Kamaraj IAS Academy,Anna Nagar,32,136,168000.00,Year,,,0,Monday - Saturday,08:00:00,21:00:00,,,,+91 98403 94477,"[""22c432f46fd86e1be5bc4429282eb65d.jpeg""]",images/service/1696621320Top-IAS-Academy-in-Hyderabad-.jpg,"No. 127, AF block, 6th Street, 11th Main Road, Shanthi Colony, Anna Nagar, Chennai, Tamil Nadu - 600 040","Kamaraj IAS Academy is one of the best IAS coaching centres and is located in Annanagar, Chennai. It was founded by the great-grandson of Perunthalaivar, Kamarajar. It has been a well-known academy for the UPSC and TNPSC exams since 2006. Preliminary examination coaching, combined mains, foundation courses, test series, and interview coaching are the primary courses they provide. The Academy stands out from other coaching centres for its specialised fields in political science and international relations.
This academy has contributed to the success of more than 400 IAS,IPS, IRS, and other central civil servants and 200+ TNPSC group 1 and group 2 servants. 
The academy provides individual attention to all the students with the best faculties, conducts several mock tests and online test series, and provides up-to-date current affairs along with quality study materials.
The academy has some special features, like a fee concession for the first graduate of the family, a separate hostel for men and women, a library, study halls, a scholarship programme for the students, and bilingual classes for the Tamil-medium students.
It is the best place for your dreams to come true in your UPSC career.","UPSC , TNPSC",https://www.google.com/maps/embed?pb=!1m18!1m12!1m3!1d3886.2481626698823!2d80.20221897510994!3d13.083452612416044!2m3!1f0!2f0!3f0!3m2!1i1024!2i768!4f13.1!3m3!1m2!1s0x3a526422b80a6def%3A0xf33f57438ba1bef5!2sKamaraj%20IAS%20Academy!5e0!3m2!1sen!2sin!4v1696859485951!5m2!1sen!2sin,13.083447,80.204794,premium,true,,1680,kamarajiasacademy@gmail.com,//kamarajiasacademy.com/,//www.facebook.com/kamarajiasacademy/,//twitter.com/kamarajacademy,//www.instagram.com/kamarajiasacademy/,,kamaraj-ias-academy,2023-10-03 06:26:25+00,2025-12-30 06:10:44+00
0a910d51-8d0a-4736-92a2-ca7884edbe74,,"Wedding Photography,        Engagement,        Model Shoot,        Birthday shoot,        Maternity Shoot,        Outdoor",Oncemore Photography,Madhavaram,33,"44,45,46,47",185000.00,Service,,,0,Monday - Saturday,00:00:00,23:59:00,Sunday,09:00:00,17:00:00,+91 96770 06647,"[""54e8912427a8d007ece906c577fdca60.jpg""]",images/service/1697793774oncemore.jpeg,"No. 2451, LIG - 2, 3rd Main Road, Mathur, MMDA, Chennai, Tamil Nadu - 600 068","“Oncemore Photography” is an art of observation. It is about finding something extraordinary in an ordinary situation. It has little to do with what you see and everything to do with how you see them. We are a creative team of photography and cinematography enthusiasts who help enhance your wedding experience with our expertise. Our vision has always been to not just capture your smile, but your soul as well. We shot our first wedding in 2012, as a one member team. Over the last eight years, we have shot more than a hundred wedding stories all over Tamil Nadu and we look forward to being a part of yours! We only take up one wedding at a time, and in doing so, dedicate 100% of ourselves to our brides and grooms – ensuring that what you get during your wedding is the very best in every way possible. Photos taken will be a return ticket to the moments otherwise lost or forgotten.",,https://www.google.com/maps/embed?pb=!1m18!1m12!1m3!1d3884.8946424739984!2d80.24811127420817!3d13.169042410520502!2m3!1f0!2f0!3f0!3m2!1i1024!2i768!4f13.1!3m3!1m2!1s0x3a5265e523cf12e3%3A0xe295c613c19abd8f!2sOnce%20More%20Photography%20-%20Classic%20%26%20Candid%20Wedding%20Photography!5e0!3m2!1sen!2sin!4v1697453018115!5m2!1sen!2sin,13.169037,80.250686,premium,true,,137,oncemorephotography@gmail.com,//www.oncemorephotography.com/,//www.facebook.com/Oncemorephotography/,,//www.instagram.com/oncemore.photography/?hl=en,,oncemore-photography,2023-09-30 21:02:13+00,2025-12-28 22:07:25+00
0c738cae-0d0a-48da-a24d-160d0a59a5e6,,"Self-drive car rental,    Airport car rental",MSD Cars,Pallavaram,38,252,1500.00,Charge,,,0,Monday - Sunday,00:00:00,23:59:00,,,,+91 81442 47247,"[""db5cea26ca37aa09e5365f3e7f5dd9eb.jpg""]",images/service/1696846797msd 1.jpg,"No. 1, Dharga Road, Vempuli Nagar, Thiruvalluvar Nagar, Near Jain Cader Crest Apartments, Pallavaram, Chennai, Tamil Nadu - 600 043","MSD Cars is the best Self Driving Cars in Chennai to hire a car in an affordable budget. Plan for the road trip on your vacation with MSD Rental Cars and Hire self-drive car in Chennai for outstation. MSD Cars offers with INR 50 per hour (without fuel) for rental cars. MSD Cars is established with the premium objectives of offering safe, reliable cars for self-drive with 24X7 support with affordable price in Chennai. We have more than 20 brand new cars across Chennai and looking forward to providing you great affordable cars within your budget.",Out station Rental cars,https://www.google.com/maps/embed?pb=!1m18!1m12!1m3!1d62200.04602510808!2d80.1392154738678!3d13.003616502399629!2m3!1f0!2f0!3f0!3m2!1i1024!2i768!4f13.1!3m3!1m2!1s0x3a525e40659aaaab%3A0x62333c03f8ffb91a!2sMSD%20Cars!5e0!3m2!1sen!2sin!4v1696846884665!5m2!1sen!2sin,12.963537,80.163474,standard,true,,442,support@msdcars.in,//msdcars.in/,//www.facebook.com/msdcarrentalservicechennai,//twitter.com/MSD_carrental,//www.instagram.com/msd_carrentalservice/,,msd-cars,2023-09-30 14:30:28+00,2025-12-29 20:18:31+00
0cabd815-1863-460f-afea-0b12134e34a2,,Healthcare,Apollo Hospitals,Thousand Lights,17,90,12500.00,,,12000.00,4,Monday - Sunday,00:00:00,23:59:00,,,,044-28293333,"[""c49e446a46fa27a6e18ffb6119461c3f.png""]",images/service/1695384498appolo 1.jpg,"No. 21, Greams Lane, Off Greams Road,  Chennai, TamilNadu – 600 006","Apollo Hospitals, Greams Road Chennai, the flagship hospital of the Apollo Group was established in 1983. Revolutionizing the healthcare sector, the hospital has over 60 departments spearheaded by internationally trained doctors, state-of-the-art facilities for various health disorders and cutting-edge medical procedures, that makes it the most preferred destinations for patients from across India and around the globe.",Hospital,https://www.google.com/maps/embed?pb=!1m18!1m12!1m3!1d31093.659560074873!2d80.21659761128987!3d13.05428463517978!2m3!1f0!2f0!3f0!3m2!1i1024!2i768!4f13.1!3m3!1m2!1s0x3a52666accdfbb59%3A0x2e0d1b10a5e06d2f!2sApollo%20Hospital%20Chennai!5e0!3m2!1sen!2sin!4v1696500762029!5m2!1sen!2sin,13.061006,80.254526,premium,true,,243,infochennai@apollohospitals.com,//www.askapollo.com/hospital/chennai/apollo-hospitals-greams-road-chennai,//www.facebook.com/TheApolloHospitals,//twitter.com/HospitalsApollo,//instagram.com/theapollohospitals,,apollo-hospitals,2023-09-22 12:08:18+00,2025-12-28 10:46:46+00
0cfa441e-a220-486c-b1c3-042565ac8702,,Self driving cars,Nisha Self Driving Cars,Velachery,38,252,1500.00,Charge,,,0,Monday - Saturday,06:00:00,20:00:00,Sunday,06:00:00,16:00:00,+91 96001 57062,"[""7f53f8c6c730af6aeb52e66eb74d8507.jpg""]",images/service/1696072627gallery1.jpg,"No. 1, Janakpuri First Street, Bypass Road, Velachery, Chennai, Tamil Nadu - 600 042","We have been providing self-driving rental car service for more than 7 years in this field with luxury cars at the cheapest price in Velachery, Chennai. Our self-driving rental car company has more than 15 Cars and looks forward to providing you with great affordable cars. Self-Driven Cars is perhaps the first and the only player to offer complete 360-degree solutions to completely transform the Indian personal ground transportation industry into an organized business. Ensuring passenger comfort to the minutest detail, Self-Driven Cars has pulled out all stops, from bringing in the latest technology to setting up 24x7 customer support centers to bringing uniformity in operations; to introducing customized solutions for all customer segments, the company has focused all efforts towards organizing the largely unorganized Indian personal ground transportation industry A Large and Varied Fleet of Vehicles,  Nationwide Delivery and Collection Service, Hire by Day, Week, Month or Longer, All Available on Full Contract Hire, Friendly, Experienced and Professional. Family run since its formation in 2008, cars provide an unrivaled range of commercial vehicles on short- or long-term hire. Our vehicles are clean, well maintained and fully serviced, delivery is available nationwide.",Out station Rental cars & Self driving cars,https://www.google.com/maps/embed?pb=!1m18!1m12!1m3!1d62197.62222200909!2d80.16871732391115!3d13.01328105015423!2m3!1f0!2f0!3f0!3m2!1i1024!2i768!4f13.1!3m3!1m2!1s0x3a525da16df666f7%3A0xc544e32c87eecc24!2sNisha%20Self%20Driving%20Cars!5e0!3m2!1sen!2sin!4v1696836909131!5m2!1sen!2sin,12.981291,80.218257,standard,true,,171,nishacarschennai@gmail.com,//nishacars.com/,//www.facebook.com/nishacars/,//twitter.com/Nishacars,,//www.linkedin.com/company/nishacars/,nisha-self-driving-cars,2023-09-30 11:17:07+00,2025-12-30 08:26:44+00
0dcbc9ad-4c1c-4b32-b693-9f355ed9c4b7,,"Food,     Drinks, Multicuisine",Orange coconut,Thoraipakkam,36,"41,42",2000.00,,,1800.00,10,Monday - Sunday,12:00:00,23:00:00,,,,+91 85318 18118,"[""d26beb4d23d4930fba836087f83d9bcf.jpg""]",images/service/1696592379orange.jpeg,"No. 14 & 15, Vinayaga Avenue, Rajiv Gandhi Salai, Next to Thalapakatti, Thoraipakkam, Chennai, Tamil Nadu - 600 097","Orange coconut is a unique Resto Bar. We serve authentic and dynamic range of Multi Cuisine Dishes. We have handpicked the classics, and the dishes are prepared in the most authentic way and also moderately priced to cater all the food lovers. Our cuisine is simple, yet clever combination of Eastern and Western influences harmoniously combined. Sour, sweet, salty, bitter and spicy flavors work together to make each dish come alive. Orange coconut through eye-catching interiors, brown leather furnishings and ambient lighting creates a dynamic, dazzling space for dining.",,https://www.google.com/maps/embed?pb=!1m18!1m12!1m3!1d62207.0043267393!2d80.17687367617928!3d12.97583202305863!2m3!1f0!2f0!3f0!3m2!1i1024!2i768!4f13.1!3m3!1m2!1s0x3a525d51072f080d%3A0xb74cd2204d7695be!2sOrange%20Coconut!5e0!3m2!1sen!2sin!4v1696592515906!5m2!1sen!2sin,12.926077,80.230197,premium,true,,186,reservations@orangecoconut.in,https://www.orangecoconut.in/,https://www.facebook.com/Orangecoconutchennai/,,https://www.instagram.com/orangecoconut_omr_chennai/,,orange-coconut,2023-09-29 18:07:07+00,2025-12-25 15:45:18+00
0ef56c01-3e9f-4269-bad9-5d8dc321c1d8,,Gym,S Fitness Studio,Velachery,28,"266,268",1200.00,Month,,,0,Monday - Saturday,05:00:00,22:00:00,Sunday,06:00:00,23:00:00,+91 98849 67040,"[""0fe6a94848e5c68a54010b61b3e94b0e.jpg""]",images/service/1696941257s fit 3.avif,"No. 1, Orandi Amman Koil Street, Velachery, Chennai, Tamil Nadu - 600 042",S Fitness provides special free trial sessions for one week for aerobics and CrossFit from 1st may to 6th may . Kindly mark the date & get the opportunity to utilise the chance.,Overall Fitness,https://www.google.com/maps/embed?pb=!1m18!1m12!1m3!1d3887.853872893269!2d80.21837197420513!3d12.981196614669585!2m3!1f0!2f0!3f0!3m2!1i1024!2i768!4f13.1!3m3!1m2!1s0x3a525d8f1a183dbf%3A0x463cc6cac835b2b!2sS%20FITNESS%20GYM%20%26%20CROSSFIT%20STUDIO!5e0!3m2!1sen!2sin!4v1696940344895!5m2!1sen!2sin,12.981191,80.220947,standard,true,,131,sfitnessstudio@gmail.com,//www.sfitnessgym.com,//www.facebook.com/sfitnessvelachery,//twitter.com/sfitnesschennai,//www.instagram.com/sfitnessstudio/,,s-fitness-studio,2023-10-10 11:09:21+00,2025-11-01 07:59:45+00
0f0a7984-0bbd-4ef9-a4b5-23376d2301fb,,"Cricket,      Tennis,      Badminton,      Kung Fu,      Kalaripayattu",Tejesh Sports Academy,Madipakkam,35,"220,224,225,237,240",1500.00,Month,,,0,Monday - Saturday,06:00:00,22:00:00,Sunday,06:00:00,20:00:00,044-43808017,"[""44885837c518b06e3f98b41ab8cedc0f.jpg""]",images/service/1695903975martial-arts-membership.jpg,"No. 97, Ramakrishna Raju Nagar, Puzhuthivakkam, Chennai, Tamil Nadu - 600 091",Experience the finest fitness and sports complex in the southern part of the metropolitan city of Chennai. We are committed to providing you with unprecedented services and amenities to help you achieve all of your health and fitness goals.,"Cricket, Badminton, Zumba and more",https://www.google.com/maps/embed?pb=!1m18!1m12!1m3!1d124417.86321897278!2d80.12363514348102!3d12.968126041892667!2m3!1f0!2f0!3f0!3m2!1i1024!2i768!4f13.1!3m3!1m2!1s0x3a525dea4ed8723b%3A0xe479baaa339a9fea!2sTejesh%20Sports%20Academy!5e0!3m2!1sen!2sin!4v1697454767968!5m2!1sen!2sin,12.968139,80.206037,premium,true,,327,admin@tejeshsports.com,https://tejeshsports.com/,,,,,tejesh-sports-academy,2023-09-28 12:26:15+00,2025-12-27 07:30:54+00
0f0c5e5f-75db-4aab-a7fc-e993bad9e335,,"Food,    Drinks, Multicuisine",The Thief,Nungambakkam,36,"41,42",2000.00,,,1500.00,25,Monday - Sunday,12:00:00,23:30:00,,,,+91 91763 74187,"[""0ae0bdb82228b0a7815175d8b8cd4b80.jpg""]",images/service/169601116710.jpg,"No. 50/150, Dr MGR Salai, Thirumoorthy Nagar, Nungambakkam, Chennai, Tamil Nadu - 600 034","The idea of the name ‘Thief Bar and Kitchen’ originated from the bar being made increasingly glamorous yet comfortable enough to leave the customers with an urge of stealing something from the arena. This kind of interior has not been seen before in a restaurant set up, and hence makes people want to take away parts of it to keep it in their homes. It radiates a vibe of sheer sophistication with an all-black, gold and green theme along with unique and elegant designs for the furniture.",,https://www.google.com/maps/embed?pb=!1m18!1m12!1m3!1d62188.756828674464!2d80.18092772406979!3d13.048570541958444!2m3!1f0!2f0!3f0!3m2!1i1024!2i768!4f13.1!3m3!1m2!1s0x3a5267a16f7de3f9%3A0xd43e4a90ccf8eb79!2sTHE%20THIEF!5e0!3m2!1sen!2sin!4v1696593129673!5m2!1sen!2sin,13.053084,80.246331,premium,true,,231,thetheifbar@yahoo.com,http://www.thethiefbar.com/,,,,,the-thief,2023-09-29 18:12:47+00,2025-12-11 09:42:10+00
0f64482b-f98a-4110-a019-73bfa3e75209,,"Wedding,      Engagement,      Pre / Post Wedding Shoot,      Maternity Shoot,      Kids Photoshoot,      Candid Photography",Fifth Angle Studios,T. Nagar,33,"44,45,46,47",55000.00,,,50000.00,9,Monday - Saturday,10:00:00,19:00:00,,,,+91 88700 42555,"[""09a8a8976abcdfdee15128b4cc02f33a.jpg""]",images/service/169779445533.jpg,"New No. 49, Old No. 13, Habibullah Road, Sathyamurthy Nagar, T. Nagar, Chennai, Tamil Nadu - 600 017","Established in the year 2015 by Manoj Nagarajan and with an experience of more than 1000+ weddings and 7+ years, Fifth Angle Studios strides ahead with pride and joy to capture your special moments filled with love. We are passionate about providing quality photography. Our job is not done until our clients are satisfied. Niranjana Manoj is the Chief Operations Officer at Fifth Angle Studios. She handles the company's operations, from understanding clients' expectations to ensuring quality post-production work. We have experience in shooting weddings, and have received compliments from clients and viewers. We have worked on a variety of events, including weddings, corporate events, and baby shoots.",,https://www.google.com/maps/embed?pb=!1m18!1m12!1m3!1d7773.497105571797!2d80.23053894174366!3d13.051670850794553!2m3!1f0!2f0!3f0!3m2!1i1024!2i768!4f13.1!3m3!1m2!1s0x3a52665ab6726169%3A0x8e631e02193d2972!2sFifth%20Angle%20Studios!5e0!3m2!1sen!2sin!4v1697527189607!5m2!1sen!2sin,13.049027,80.242367,premium,true,,287,info@fifthanglestudios.com,http://fifthanglestudios.com/,https://www.facebook.com/5thanglestudios,,https://www.instagram.com/fifthanglestudios/,,fifth-angle-studios,2023-09-30 21:14:02+00,2025-12-12 07:32:04+00
10e70bd5-9748-4c54-98f8-2f42bc785b83,,"Non veg,    Veg",Venus Catering Service,Medavakkam,11,257,500.00,Plate,,,0,Monday - Sunday,00:00:00,12:00:00,,,,+91 98409 35064,"[""15ae3b9d6286f1b2a489ea4f3f4abaed.jpg""]",images/service/1695371785venus 2.jpg,"No. 1/379B, Kannagi Street, JalladianPet Pallikaranai, Medavakkam, Chennai, Tamil Nadu - 600 100","Venus Catering is one of Chennai's best service providers. We care about the achievements and happenings of the people we serve. We think every occasion should be extraordinary. No matter how big or small the event, we have the expertise and creativity to make it a success. Contract orders and low-budget labour charges are accepted. Festivities and unique events are a regular part of life. Venus Catering is a fantastic way to demonstrate to your guests how much you value their presence at your events. Our talented chefs have years of experience cooking mouthwatering meals for your loved ones. Venus Catering serves delicious traditional and inventive cuisine. Your ideas and tastes direct our services. As a result, we offer a customised solution to enhance the enjoyment of your events. We help you organise your unique event with style and attention.",Veg - 500,https://www.google.com/maps/embed?pb=!1m18!1m12!1m3!1d124410.24421862811!2d80.12807474375865!3d12.98335347773269!2m3!1f0!2f0!3f0!3m2!1i1024!2i768!4f13.1!3m3!1m2!1s0x3a525c3e25cfbcbb%3A0xbdd94d8f0d1c69eb!2sVenus%20Catering%20Services(%20vegetarian)!5e0!3m2!1sen!2sin!4v1696498830165!5m2!1sen!2sin,12.921737,80.203961,premium,true,,294,gurumurthy@gmail.com,//venuscateringservice.com/,//www.facebook.com/profile.php?id=100007694445391,,,,venus-catering-service,2023-09-22 08:36:25+00,2025-12-27 23:16:58+00
118e0e02-9f57-45c5-b4cc-f3f073756f63,,"Veg,  Non veg",Happy Catering and Events,Kolathur,11,257,150.00,Plate,,,0,Monday - Sunday,10:00:00,21:00:00,,,,+91 98402 22820,"[""e02e27e04fdff967ba7d76fb24b8069d.jfif""]",images/service/1697012786happy 1.jpg,"No. 87/23, K C Garden 1st Street, Peravallur, Kolathur, Chennai, Tamil Nadu - 600 082","Best Catering Service In Chennai Our esteemed company called “The Happy catering and Events” dedicates only for the provision of catering services to its valuable customers.  We have 15 years experience in catering industry, we have 100 and more happy customer around Chennai.  For over 3 years, Happy Catering has been a force in Chennai’s catering industry, executing multi-scale functions perfectly designed to please the discerning palates of Chennai’s finest residents and guests from around the world. Happy Catering works seamlessly with clients, venues, event planners and other key stakeholders to create customized menus that deliver both unforgettable food and flawless execution. Our kitchen is comprised of state-of-the-art equipment in which we adhere to the highest standards of food production, sanitation and green initiatives. Each Happy catered event, whether large or small, corporate or private, is a new adventure and a source of pride for our team. We provide with smile and happy the following food items with the help of many categorized team. Drinks, sweets, south and north Indian mixed menu and many other food items which are very healthier and hygienic.  We concentrate on various corporate services like food services, executive dining, chats and snacks, ice creams, fresh juices and also full-fledged food services. Food stations also provide an alternative to the formality of a seated dinner and offer more selection for gusts to choose from.","Veg - 150, Non veg - 250",https://www.google.com/maps/embed?pb=!1m18!1m12!1m3!1d124374.65455457584!2d80.1313982773612!3d13.054252222016835!2m3!1f0!2f0!3f0!3m2!1i1024!2i768!4f13.1!3m3!1m2!1s0x3a5265ea67d94eb7%3A0xae2d2e9e029399c6!2sHappy%20Catering%20and%20Events%20%7C%20Best%20wedding%20caterers%20in%20Chennai%20%7C%20Best%20wedding%20catering%20services%20in%20Chennai!5e0!3m2!1sen!2sin!4v1697524728591!5m2!1sen!2sin,13.116723,80.231181,standard,true,,130,happycateringandevents@gmail.com,//www.happycateringandevents.com/,//www.facebook.com/Happy-Catering-Events-360967857833633/,,//www.instagram.com/,,happy-catering-and-events,2023-10-11 08:26:26+00,2025-12-13 18:43:35+00
118e56de-1587-4c53-b4ed-488b5f69dea4,,"Cocktails, Multicuisine",J Club,Ambattur,36,43,2000.00,,,1500.00,25,Monday - Sunday,11:00:00,23:00:00,,,,+91 97873 29999,"[""01d8bae291b1e4724443375634ccfa0e.jpeg""]",images/service/1697435726TheVelveteenRabbit-f.jpg,"No. 11, Ram Nagar, Gandhi Main Road, Puzhal, Chennai, Tamil Nadu - 600 066","At J Bar, we take pride in curating a food and drinks menu that will delight your senses and elevate your dining experience. Our talented culinary team and skilled mixologists have crafted a menu that offers a fusion of flavors, showcasing the finest ingredients and innovative combinations.",,https://www.google.com/maps/embed?pb=!1m18!1m12!1m3!1d124348.73993042078!2d80.11049129599988!3d13.105640014151833!2m3!1f0!2f0!3f0!3m2!1i1024!2i768!4f13.1!3m3!1m2!1s0x3a52655b7143b95b%3A0x1841a4358f80d0f7!2sJ%20Club!5e0!3m2!1sen!2sin!4v1696591662589!5m2!1sen!2sin,13.166262,80.210656,standard,true,,99,jclubchennai@gmail.com,https://jclub.in/bar/,https://www.facebook.com/jclubchennai,,https://www.instagram.com/jclubchennai/,https://www.linkedin.com/company/j-clubchennai/,j-club,2023-09-29 17:52:21+00,2025-11-20 19:32:54+00
14aa82de-fc1f-470f-876b-3ecb1a271a99,,Resort,Green Meadows Resort,Palavakkam,18,95,5000.00,,,4600.00,8,Monday - Sunday,,,,,,+91 99449 90950,"[""f1298750ed09618717f9c10ea8d1d3b0.jpg"",""fa7518562603d5c4a7ad69e2e5726f5f.jpg"",""ca43108ded5aabc7793d3f9b928cdd54.jpg"",""d8074a35855a7f4935e3e19222d9a9eb.jpg"",""bfbb56bee68d99affaa64f189045d5f2.jpg"",""1627164498da566c0eb500803f9b5f4a.jpg"",""109d2dd3608f669ca17920c511c2a41e.jpg"",""404dcc91b2aeaa7caa47487d1483e48a.jpg""]",images/service/17104974592022-09-24 (1).jpg,"No. 4, 364 A, Anna Salai Road, Palavakkam Kuppam, Palavakkam, Chennai, Tamil Nadu - 600 041","Green Meadows Resort, our green natural 3-acre property, is situated in Palavakkam, ECR. It's one of the most beautiful resorts in Chennai, in a pleasant area near the seashore, apart from the buzz of the city. Our resort offers amenities designed to help our guests relax and enjoy their time away from home, making it ideal for a weekend or beach break. We are a pet-friendly establishment with a banquet space, a pool, comfy and roomy accommodations, a well-equipped gym, a restaurant serving international cuisine, and a craft cocktail bar. We have everything you need, including a large selection of food and drink specialties made by our in-house culinary experts and delivered by our highly skilled personnel. Get in contact to ensure that every event is a remarkable memory, regardless of whether you decide to host it at Green Meadows Resort or have it catered at your site.",,https://www.google.com/maps/embed?pb=!1m18!1m12!1m3!1d3888.171287878406!2d80.25801197420476!3d12.960888915114811!2m3!1f0!2f0!3f0!3m2!1i1024!2i768!4f13.1!3m3!1m2!1s0x3a525d3bf28ff56b%3A0x1ad4fa782f465d39!2sGreen%20Meadows%20Resort!5e0!3m2!1sen!2sin!4v1696504461737!5m2!1sen!2sin,12.960973,80.260583,standard,true,,102,info@greenmeadowsresort.com,//www.greenmeadowsresort.com/,//www.facebook.com/GreenMeadowsResort,,//www.instagram.com/greenmeadowsecr/,,green-meadows-resort,2023-09-23 08:36:25+00,2025-12-22 17:28:06+00
14c384b4-6f4d-4dbf-8c28-e9e77ed001aa,,Scuba Diving Classes,Chennai Institute of Diving,Mannadi,21,18,3000.00,,,2700.00,10,Monday - Saturday,10:00:00,18:00:00,,,,044-25219404,"[""9adeb82fffb5444e81fa0ce8ad8afe7a.jpg""]",images/service/1696421734class 1.jpg,"No. 11/6, Premier Complex, Krishnan Koil Street, Mannadi, Chennai, Tamil Nadu - 600 001","""Whether you're seeking to enjoy your first breathe underwater? If yes, then this is your right place Chennai Institute of Diving cheerfully welcomes you to our recreational dive centre, where you can get full of fun, load of pleasure, lot of adventure. After all, you'll get relaxed your mind & soul when you experience this excited underwater diving. Moreover, we arrange a Dive & Tour package.""",,https://www.google.com/maps/embed?pb=!1m18!1m12!1m3!1d3886.0061926118046!2d80.2907844751101!3d13.098793912076795!2m3!1f0!2f0!3f0!3m2!1i1024!2i768!4f13.1!3m3!1m2!1s0x3a526f443bb9d765%3A0xa50fbc8068f0f06e!2sCHENNAI%20INSTITUTE%20OF%20DIVING!5e0!3m2!1sen!2sin!4v1696857435406!5m2!1sen!2sin,13.098789,80.293359,standard,true,,181,divesandtours@gmail.com,http://chennaidiving.website2.me/,,,,,chennai-institute-of-diving,2023-10-04 12:15:34+00,2025-12-29 00:41:05+00
16e828e8-891d-49e7-ab04-d81da5f25256,,IAS Coaching,Shankar IAS Academy,Anna Nagar,32,136,190000.00,,,,0,Monday - Saturday,10:00:00,18:00:00,,,,+917667766266,"[""9023effe3c16b0477df9b93e26d57e2c.webp"",""334467d41d5cf21e234465a1530ba647.jpg"",""38eb982ee635354d3febf457beeee736.jpg""]",images/service/1720250715ads.jpg,"New No. 18, Old No. 109, New Plot No. 259, AL Block, 4th Avenue, Shanthi Colony, Anna Nagar, Chennai, Tamil Nadu - 600 040","All over India, people aspiring to become IAS, IPS and other elite bureaucratic service officers and seeking to fine tune their preparation, flock to Shankar IAS Academy for Civil Service coaching. With branches in Chennai, Delhi, Bengaluru, Thiruvananthapuram, Trichy, Salem, Madurai and Coimbatore, it is the Academy of choice for Civil Service aspirants.",UPSC,,13.082364,80.204798,premium,true,,,admissions@shankarias.in,//www.shankariasacademy.com/,//www.facebook.com/shankariasacademy,//twitter.com/shankarias,,,shankar-ias-academy,2024-07-06 07:25:15+00,2025-12-30 04:03:29+00
18520323-06eb-4fd4-991c-f8fd02454ca8,,"Swimming,        Badminton,        Skating,        Zumba,        Gym",Sai Sports Academy,Chromepet,35,"225,227,244",4000.00,Month,,,0,Monday - Sunday,05:00:00,22:10:00,,,,+91 80724 75384,"[""c8758b517083196f05ac29810b924aca.jpg""]",images/service/1697868806sai.jpg,"No. 300, NSK Salai, Tiruneermalai Main Road, Chromepet, Chennai, Tamil Nadu - 600 044","Sai Sports Academy is considered one of the most facilitated sports academies in Chromepet, Chennai. Here, we have sporting facilities for Badminton, Swimming, Zumba and much more. So, we act as a perfect platform for creating immense opportunities for youngsters to learn and play. By doing this, we play a vital role in the growth of human well-being and achieving excellence in sports & this has a considerable bearing on national prestige and morale.",Badminton,https://www.google.com/maps/embed?pb=!1m18!1m12!1m3!1d124400.83147470102!2d80.08713314410166!3d13.00214171026659!2m3!1f0!2f0!3f0!3m2!1i1024!2i768!4f13.1!3m3!1m2!1s0x3a525f726135a1bd%3A0x8af8c672136b7198!2sSai%20Sports%20Badminton%20Academy!5e0!3m2!1sen!2sin!4v1696578940717!5m2!1sen!2sin,12.958856,80.127794,standard,true,,366,saisportsacademy22@gmail.com,//www.saisportsacademychennai.in/,//www.facebook.com/Sai-Sports-Academy-108163095316782,,//www.instagram.com/sai_sports_academy_chennai/?hl=en,,sai-sports-academy,2023-09-28 12:50:10+00,2025-12-25 10:54:05+00
18744952-3839-4a1b-9d77-a0b7a5597777,,"Athletics,       Tennis,       Badminton,       Archery,       Silambam,       Gymnastics,  Basketball,  Skate board",OTO Coach,Nungambakkam,35,"219,223,224,225,227,228,239",1000.00,Month,,,0,Monday - Saturday,05:00:00,19:30:00,Sunday,05:00:00,11:00:00,+91 63836 87803,"[""06a9d51e04213572ef0720dd27a84792.jpg""]",images/service/169745422588100540_839355996580244_8023383411580207104_n.jpg,"No. 24, Pycrofts Garden Road, Thousand Lights West, Nungambakkam, Chennai, Tamil Nadu - 600 006","At Oto, we believe there is a better way to help you Overcome the Obstacles. A more valuable, less invasive way where customers are earned rather than bought. We're obsessively passionate about it, and our mission is to help people achieve it.",Silambam,https://www.google.com/maps/embed?pb=!1m18!1m12!1m3!1d62187.018608821556!2d80.1833664741009!3d13.055478690354642!2m3!1f0!2f0!3f0!3m2!1i1024!2i768!4f13.1!3m3!1m2!1s0x3a52674ebfb9c0bf%3A0x2b263d08df2ec561!2sOTO%20COACH%20%40%20Thousand%20lights!5e0!3m2!1sen!2sin!4v1696585615086!5m2!1sen!2sin,13.063775,80.250504,premium,true,,161,otochennai@gmail.com,//otocoach.com/,//www.facebook.com/otocoachofficial/,,//www.instagram.com/otocoachofficial/,,oto-coach,2023-09-28 16:25:43+00,2025-12-25 10:50:06+00
18c2c65e-2b12-4f57-aa0d-3478df499144,,"Residential,   Commercial,   Apartments,   Industrial",DRA Homes,Triplicane,42,"280,287,289,290",50000.00,,,45000.00,10,Monday - Friday,10:00:00,18:30:00,Saturday,10:00:00,14:00:00,+91 98403 50001,"[""1587965fb4d4b5afe8428a4a024feb0d.jpeg""]",images/service/1696917814_MG_9276-Edit.jpg,"New No. 109, 111 & 113, Lloyds Road, Royapettah, Chennai, Tamil Nadu - 600 014","Our management has collective industry experience of over 100 years and rich expertise across various functions of real estate development. All of which come together to spell NICE to our customers, employees, vendors and other stakeholders. From being the harbingers of apartment complex concept in Bangalore to developers of South India’s first ever township, DRA has proven its expertise, and made an indelible mark across the cities of Bangalore, Chennai, Goa and Mysore. The objective is to accomplish the company’s policy by delivering the specified product to our customer with right quality as per the delivery schedule and at an agreed price and also to bring awareness of our policy among various categories of employees so that they shall be committed towards running a system driven company.",,https://www.google.com/maps/embed?pb=!1m18!1m12!1m3!1d3886.8132909913097!2d80.26540057510948!3d13.04755351320841!2m3!1f0!2f0!3f0!3m2!1i1024!2i768!4f13.1!3m3!1m2!1s0x3a5267ac14b44243%3A0xa917e6b0e398475!2sDRA%20Homes!5e0!3m2!1sen!2sin!4v1696876776507!5m2!1sen!2sin,13.047322,80.267916,premium,false,,89,sales.chennai@drahomes.in,https://www.drahomes.in/,https://www.facebook.com/drahomesindia/,https://twitter.com/dra_homes,,https://in.linkedin.com/company/dra-homes,dra-homes,2023-09-30 19:48:13+00,2025-03-29 10:38:52+00
190dd17f-1c31-4772-9b8d-ae94a915c076,,"Archery,    Boxing,    Karate,    Silambam,    Bharatham,    Zumba,    Gymnastics,    Skating,    Yoga,  Basketball",Leap Sports Academy,OMR - Old Mahabalipuram Road,35,"223,227,228,236,239,241",3000.00,Month,,,0,Monday - Friday,09:00:00,20:00:00,Saturday - Sunday,09:00:00,21:00:00,+91 99402 09896,"[""08b2dbdc9ca941d237893bd425af8bfa.jpeg""]",images/service/1696586282oto 1.avif,"No. 268/11, Rajiv Gandhi Salai, Kazhipattur, Chennai, Tamil Nadu - 603 103","Leap Sports Academy that sports today play a vital role in development of a human being and achieving excellence in sports has a great bearing on national prestige and morale. In order to meet the increasing demands of the changing scenario, National as well as International Government has taken it upon themselves to implement programs to promote excellence in sports. Leap sports Academy is an effort to attain this vision. Reach your goals and inspire your best self. At Leap Sports Academy, emphasis is laid on scholastic excellence coupled with sports techniques and character building leading to success in life.",Karate,https://www.google.com/maps/embed?pb=!1m18!1m12!1m3!1d3890.342582320442!2d80.22825557420254!3d12.821125218161256!2m3!1f0!2f0!3f0!3m2!1i1024!2i768!4f13.1!3m3!1m2!1s0x3a525cfdfb97dbb5%3A0x68d6ff2c15ed6378!2sLeap%20Sports%20Academy!5e0!3m2!1sen!2sin!4v1696586428901!5m2!1sen!2sin,12.821074,80.230828,premium,true,,159,leapsportsacademy@gmail.com,//leapsportsacademy.in/,,,,,leap-sports-academy,2023-09-28 16:36:31+00,2025-12-25 10:48:44+00
1a841c21-c695-4087-85fc-c9b678f9244f,,"Cricket,       Swimming,       Badminton,       Tennis,       Running Race,   Volleyball,   Basketball, Athletics",Sun Sports Academy,Adyar,35,"220,221,223,224,225,233,244",2000.00,Month,,,0,Monday - Sunday,05:30:00,19:30:00,,,,+91 99629 21556,"[""8e2cfdc275761edc592f73a076197c33.jpeg""]",images/service/1697867390sun sports 1 (2).jpg,"No. 3, 11th Cross Street, Shastri Nagar, Adyar, Chennai, Tamil Nadu - 600 020","Sun Sports Academy is the fulcrum where champions are made. It's a facility where the top trainers help aspiring Olympians reach their full potential. Through intensive athletic training, we strive to instill a sense of enthusiasm, confidence, and team spirit. We believe that the sky is only a steppingstone, and that pushing yourself to new heights is the path to success.",Athletics,https://www.google.com/maps/embed?pb=!1m18!1m12!1m3!1d62195.28890283724!2d80.1886230739529!3d13.022578147994551!2m3!1f0!2f0!3f0!3m2!1i1024!2i768!4f13.1!3m3!1m2!1s0x3a5267f069850a33%3A0x14dfb9e6b5632aed!2sSun%20Sports%20Academy!5e0!3m2!1sen!2sin!4v1696585235005!5m2!1sen!2sin,12.999795,80.261017,premium,true,,456,info@sunsportsacademy.online,//www.sunsportsacademy.online/,,,,,sun-sports-academy,2023-09-28 16:17:45+00,2025-12-25 11:08:09+00
1f67c922-1f17-420a-93ff-346bd34c23ce,,"Food,      Bar, Multicuisine",Take 2 Between The Shots,Kodambakkam,36,"41,43",2000.00,,,1800.00,10,Monday - Sunday,12:00:00,00:00:00,,,,+91 73581 66655,"[""7fcc48d22804dbbe9b66b607d51389d4.jpg""]",images/service/1697434839zxcvbnm.jpeg,"No. 28, 1st Main Rd, United India Colony, Kodambakkam, Chennai, Tamil Nadu - 600 024","Take 2 is an exciting F&B-Nightlife outlet located in the heart of the city. It offers a unique experience with its vibrant atmosphere and eclectic menu. The menu features a variety of dishes from around the world, including Italian, Mexican, and Asian cuisines. The bar offers a wide selection of craft beers, wines, and cocktails. The venue also features live music and DJs, making it the perfect spot for a night out. With its friendly staff and great atmosphere, Take 2 is the perfect place to enjoy a night out with friends.",,https://www.google.com/maps/embed?pb=!1m18!1m12!1m3!1d3886.759103520557!2d80.22445587556125!3d13.050999913131584!2m3!1f0!2f0!3f0!3m2!1i1024!2i768!4f13.1!3m3!1m2!1s0x3a5266f6b0d19221%3A0xa09911ad11aa1a2a!2sTake%202%20Between%20The%20Shots!5e0!3m2!1sen!2sin!4v1695823655365!5m2!1sen!2sin,13.050995,80.227031,standard,true,,110,take2ops@gmail.com,,https://www.facebook.com/take2chennai/?fref=mentions,,,,take-2-between-the-shots,2023-09-30 06:37:04+00,2025-12-15 22:02:12+00
1fe49891-4df9-49e6-aaf1-4e9b02ad17db,,"Air Mode,     Surface Mode,     ST International,  ST prority,  E - Commerce",ST Courier,Pallavaram,23,"39,40,59",0.00,,,,0,Monday - Saturday,10:00:00,20:00:00,,,,044-61266666,"[""8ab8dff7441eda91aa7bb26becb3afd3.jpg""]",images/service/1696623124image.jpg,"No. 199, Hariyan Street, C.Pallavaram, Chennai, Tamil Nadu - 600 043","The launch of ST Couriers from the house of ST Cargo services is exclusively designed to meet the commercial and personal shipment needs of our customers in both urban and rural destinations. We are emerging as a top destination for ‘same day’ transportation and are continuously serving our customers 24/7/365. We constantly expand our resources to cater to our customer expectations addressing their unique market needs. Our experienced and committed management team with over a decade of industry experience strives to deliver nothing but the best to our customers. ST Couriers was founded in the year 2007 and initially serviced Tamil Nadu, Kerala, Karnataka and Andhra Pradesh. Our extensive delivery network is spread across 2700 delivery points, supporting 50,000 shipments per day including private bags and 170,000 rural deliveries.",,https://www.google.com/maps/embed?pb=!1m18!1m12!1m3!1d3886.191607271853!2d80.2579528!3d13.087039899999999!2m3!1f0!2f0!3f0!3m2!1i1024!2i768!4f13.1!3m3!1m2!1s0x3a5265e0777d2721%3A0xadd82a3a82717106!2sST%20COURIER!5e0!3m2!1sen!2sin!4v1696240798730!5m2!1sen!2sin,12.959274,80.164488,standard,true,,109,helpdesk@stcourier.com,//stcourier.com/,//www.facebook.com/OfficialSTCourier/,//twitter.com/stcourier2,//www.instagram.com/stcourierofficial/,//in.linkedin.com/company/st-courier,st-courier,2023-10-02 09:59:17+00,2025-12-28 11:17:32+00
20438a8a-18d5-4ecf-b175-be2a8bf41741,,"Fitness,        Cricket,        Kabadi,        Tennis,        Badminton,   Yoga therapy,   Volleyball,   Football",VPR Sports Academy,K. K. Nagar,35,"220,221,224,225,233,235",1500.00,Month,,,0,Monday - Sunday,09:00:00,21:00:00,,,,+91 96262 29444,"[""b8f36d2dffddf18ae2ff15d71c9eb62d.jpeg""]",images/service/1695912031service-1.jpg,"No. 12/1 12a, First Floor, Loganathan Street, Opp to Meenakshi College, KK Nagar West, Chennai, Tamil Nadu - 600 078",This VPR Sports Academy was initiated with an aim of facilitating both Sports and Yoga to fully benefit from the sporting facilities across the Students Society. Only aimed at building skills but also cultivating values and developing wellness among the students.,,https://www.google.com/maps/embed?pb=!1m18!1m12!1m3!1d3887.058301567171!2d80.18696307420593!3d13.031959313553866!2m3!1f0!2f0!3f0!3m2!1i1024!2i768!4f13.1!3m3!1m2!1s0x3a52679b65434e25%3A0x44b57fbfbc72e5a2!2sVPR%20Sports%20Academy!5e0!3m2!1sen!2sin!4v1696584776118!5m2!1sen!2sin,13.031954,80.189538,premium,true,,260,info@vprsportsacademy.com,//vprsportsacademy.com/,,,,,vpr-sports-academy,2023-09-28 14:40:31+00,2025-12-25 11:07:28+00
230f0949-e0a5-47bb-b402-e7c959046b88,,Resort,Radisson Blu Resort,Mahabalipuram,18,95,14000.00,Day,,,0,Monday - Sunday,,,,,,044-27443636,"[""b8f3ddac6bf90e1b80cb961f2be0db5c.jpg""]",images/service/1695624010raddison blu 2.jpg,"Covelong, East Coast Rd, Mahabalipuram, Tamil Nadu - 603 104","The Radisson Blu Resort Temple Bay Mamallapuram offers guests the opportunity to take in the spectacular views of the Bay of Bengal. Just a few steps away from the Shore Temple is where you'll find our resort, which has won multiple awards. While you are here, you may take advantage of our spa, fitness centre, and large pool, as well as our wide variety of activities that are designed to meet the needs of all guests. Furthermore, our resort features nine meeting rooms, as well as the largest pillarless ballroom in the surrounding area. The hotel that we provide provides a wide variety of services and amenities to ensure that your stay is comfortable, regardless of whether you are looking for a fantastic destination event or an ideal retreat.","Resort rooms, Villas, Party Hall and more.",https://www.google.com/maps/embed?pb=!1m18!1m12!1m3!1d3893.368471236666!2d80.19219157419931!3d12.623815422409569!2m3!1f0!2f0!3f0!3m2!1i1024!2i768!4f13.1!3m3!1m2!1s0x3a53acad5161ab5b%3A0xa8a774922c84934b!2sRadisson%20Blu%20Resort%20Temple%20Bay%20Mamallapuram!5e0!3m2!1sen!2sin!4v1696506401605!5m2!1sen!2sin,12.623810,80.194767,premium,true,,204,reservations.mamallapuram@radisson.com,//www.radissonhotels.com/,//www.facebook.com/RadissonHotels/,//twitter.com/radissonhotels,//www.instagram.com/RadissonHotels/,,radisson-blu-resort,2023-09-25 06:40:10+00,2025-11-19 02:46:57+00
2538c0f1-f752-4a92-85ec-66348985272d,,IT Training,Credo Systemz,Velachery,32,184,20000.00,Person,,17000.00,15,Monday - Sunday,08:00:00,20:00:00,,,,+91 98844 12301,"[""e3eb4194278df0f91258632682d0ae92.jpg""]",images/service/1696313739credo 11.jpg,"New No. 30, Old No. 16A, Third Main Road, Rajalakshmi Nagar, Velachery, Opp to Murugan Kalyana Mandapam, Chennai - 600 042","Credo Systemz boasted as the Best Placement Training Institute in Chennai, aimed at educating the workforce to the IT industry. Along with a team of highly experienced and qualified trainers, we offer state of the art training with excellent infrastructure to keep you above par for the emerging IT skill trends. With individual attention to our customers, unique mentorship from trainers with hands-on project training, career & placement guidance, we have 15000+ happy customers who have distinguished us from our competitors, with their satisfied reviews.",Aws and Azure,https://www.google.com/maps/embed?pb=!1m18!1m12!1m3!1d31106.042256899458!2d80.20404256323545!3d12.955509864380618!2m3!1f0!2f0!3f0!3m2!1i1024!2i768!4f13.1!3m3!1m2!1s0x3a5265fdfba0128f%3A0x2b0de2a43c3b6eac!2sCredo%20Systemz%20-%20Software%20Training%20Chennai%20-%20Full%20Stack%20Development%20Training%20%7C%20AWS%20%7C%20Azure%20%7C%20React%20JS%20%7C%20Angular%20%7C%20Power%20BI!5e0!3m2!1sen!2sin!4v1696859746620!5m2!1sen!2sin,12.984608,80.218797,standard,true,,103,info@credosystemz.com,//www.credosystemz.com/,,,,,credo-systemz,2023-10-03 06:15:39+00,2025-12-27 08:16:17+00
25c6a9c2-f027-41e1-95bd-8116dff89bec,,Gym,O2 Health Studio,Nungambakkam,28,266,18000.00,Year,,13000.00,28,Monday - Saturday,06:00:00,21:00:00,Sunday,06:00:00,14:00:00,+91 90947 91920,"[""f93882cbd8fc7fb794c1011d63be6fb6.jpg""]",images/service/1697313167werty.jpeg,"No. 18, Khader Nawaz Khan Road, Srirampuram, Thousand Lights West, Nungambakkam, Chennai, Tamil Nadu - 600 006","O2 Health Studio pioneering in Health & Fitness center in Chennai, started in August 2001. We are proud to have helped thousands of people in Chennai discover health and fitness since then. We teach them how to enjoy their workouts, while getting fit with our diversified programs.  You name it & we've got it! Our ace is of course personalized training & ambience; our state of art gymnasium and varied Group exercise classes conducted by certified & experienced instructors who will guide your every step.",Overall Fitness,https://www.google.com/maps/embed?pb=!1m18!1m12!1m3!1d3886.570952255973!2d80.24645137420649!3d13.062959662870442!2m3!1f0!2f0!3f0!3m2!1i1024!2i768!4f13.1!3m3!1m2!1s0x3a52666a39014d4f%3A0x5e7fb9e4104070d!2sO2%20Health%20Studio!5e0!3m2!1sen!2sin!4v1697449431372!5m2!1sen!2sin,13.060508,80.249759,standard,true,,383,admin@o2healthstudio.com,//www.o2healthstudio.com/,//www.facebook.com/pages/O2-Health-Studio/122022747864830,,//www.instagram.com/o2healthstudio/,,o2-health-studio,2023-10-10 07:51:35+00,2025-12-30 03:44:34+00
2745058f-80fa-47fb-8c54-79e924d25164,,"Food,    Drinks, Multicuisine",Gears & Garage Resto bar,Nungambakkam,36,41,2000.00,,,1500.00,25,Monday - Sunday,12:00:00,00:00:00,,,,+91 73053 13334,"[""7c9d0b1f96aebd7b5eca8c3edaa19ebb.jpg""]",images/service/1696593725gears-and-garage-restobar-nungambakkam-chennai-restaurants-ltj6x3mstd.avif,"New No. 6, Old No. 13, Jaganathan Road, Nungambakkam, Chennai, Tamil Nadu - 600 034","Gears and Garage Resto bar is aimed to bring a global dining experience to Chennai. We are food specialists who strive to offer the perfect party night experience with class and elegance. G&G Resto bar is located in Nungambakkam, the nightlife capital of Chennai. We are delighted to offer our guests delicate fusion cuisine and handcrafted cocktails in an exclusive garage-themed resto-bar setting. We have designed our menu paying great attention to details.",,https://www.google.com/maps/embed?pb=!1m18!1m12!1m3!1d62187.75633951334!2d80.1805086240877!3d13.052547191035197!2m3!1f0!2f0!3f0!3m2!1i1024!2i768!4f13.1!3m3!1m2!1s0x3a526770802d7d99%3A0x8fb8269210a0f93c!2sGears%20%26%20Garage%20Restobar!5e0!3m2!1sen!2sin!4v1696593943500!5m2!1sen!2sin,13.060474,80.245515,premium,true,,201,info@gearsandgarage.com,http://gearsandgarage.com/,https://www.facebook.com/gearsandgarage,,https://instagram.com/gearsandgarage?igshid=YmMyMTA2M2Y=,,gears-&-garage-resto-bar,2023-09-29 18:18:33+00,2025-11-25 22:04:06+00
293c8a3d-6dd5-4afc-b978-53d5f6a11e6f,,"VIP Transportation,            Yacht Rentals,    Corporate car hire,    Wedding cars,    Event transportation,    Bus/car trasportation,    Airport car rentals,    Surprise rides,    Yacht rentals",APJ Cabs,Ashok Nagar,38,"250,252",4000.00,Day,,,0,Monday - Saturday,09:00:00,19:00:00,Sunday,09:00:00,17:00:00,044-48598677,"[""97788494d0cb9c4ad37af9a76290b361.jpg""]",images/service/1697459307ddd.jpeg,"No. 2/11, 51st Street, Ashok Nagar, Behind Hotel Sangamam, Chennai, Tamil Nadu - 600 083","Since its inception in 2006, APJ cabs has charted an upward trend by consistently growing. Luxury car rental was a novel idea when APJ cabs began and today the market has spread to include fierce competition. Nevertheless, our experienced staff, loyal customers and our fleet of well-maintained cars have allowed us to expand our services with the backing of our satisfied customers. Today, we provide transportation for VIPs, senior corporate personnel, sports stars and celebrities. We started wedding car rentals in 2009 and have since offered 6500 services to our customers. Bus rentals, guide services, professional chauffeurs, bouncers, tour packages, event transportation, surprise rides on occasions and yacht rentals are some of our significant services. We pride ourselves on our wide array of services that cater to the needs of all our customers, and we promise to offer our services round the clock, if need be.",Out station Rental cars,https://www.google.com/maps/embed?pb=!1m18!1m12!1m3!1d15547.829353262034!2d80.19758629905733!3d13.038387546528337!2m3!1f0!2f0!3f0!3m2!1i1024!2i768!4f13.1!3m3!1m2!1s0x3a5266e26db5aa2d%3A0x5e83c72c4b5dd3a0!2sAPJ%20Cabs!5e0!3m2!1sen!2sin!4v1696842676529!5m2!1sen!2sin,13.035535,80.216834,premium,true,,319,cars@apjcabs.com,//www.apjcabs.com/,//www.facebook.com/bridalcarrentalinchennai/,//twitter.com/APJCabs1,//www.instagram.com/apjcabs/,//www.linkedin.com/company/11199518/,apj-cabs,2023-09-30 13:37:02+00,2025-11-12 11:47:53+00
299ee672-5051-4655-8cb6-03f2458d92a6,,"Dance,    Fitness",Zero 6 Dance and Fitness Company,West Mambalam,24,62,2500.00,,,,0,Monday - Sunday,09:00:00,21:00:00,,,,+91 98848 82109,"[""29e1c59be16c852670e3be302e8c303b.jpg""]",images/service/1696875793sdghjk.jpeg,"No. 2/81, 1st Floor, Brindavan Street, West Mambalam, Above Duraisamy Subway, Next to SBSN Girls Jain School, Chennai, Tamil Nadu - 600 033",Dance studios in Chennai focused passionately on providing dance training with quality.,,https://www.google.com/maps/embed?pb=!1m18!1m12!1m3!1d3888.753213139242!2d80.19507107510788!3d12.923576815929286!2m3!1f0!2f0!3f0!3m2!1i1024!2i768!4f13.1!3m3!1m2!1s0x3a525d684cde158f%3A0x7e694c9c7813a057!2sZERO-6%20Dance%20and%20Fitness%20Company!5e0!3m2!1sen!2sin!4v1697525616484!5m2!1sen!2sin,,,standard,false,,132,Zero6official@gmail.com,,//www.facebook.com/Zero6danceandfitnesscompany/,,,,zero-6-dance-and-fitness-company,2023-10-03 10:45:49+00,2025-12-07 14:58:33+00
29d8f23f-e5a3-4f99-8275-b99e1bc6b723,,"Food,    Drinks, Multicuisine",Hub At ECR,ECR - East Coast Road,36,41,2000.00,,,1500.00,25,Monday - Sunday,11:00:00,23:00:00,,,,+91 89395 35667,"[""98b17f068d5d9b7668e19fb8ae470841.jpg""]",images/service/1696594305hub.jpg,"No. 2/222, East Coast Rd, First Avenue, Vettuvankeni, Chennai, Kotivakkam, Tamil Nadu - 600 115","Hub at ECR is a casual dining Restro Bar set in the upscale locale of ECR, the restaurant’s chic yet friendly atmosphere and unobtrusively stylish service will strike the right balance between camaraderie and intimacy. Our premium Restro bar on top floor is a perfect place to Drink, Dine and Dance. Hub offers its guests wide range of collections of beers to infused cocktails to wine along with amazing events line up, party all night at the Hub. We offer an exclusive menu which serves a variety of European, Italian, and Pan Asian- cuisines. The affordable menu is in line with the taste and preference of the diners and caters to people of all age-groups and segments. The various ingredients and spices used in the preparations provide a relishing taste to the diners.",,https://www.google.com/maps/embed?pb=!1m18!1m12!1m3!1d124407.18764702183!2d80.14684655122417!3d12.989457451426963!2m3!1f0!2f0!3f0!3m2!1i1024!2i768!4f13.1!3m3!1m2!1s0x3a525ce7d3fb47a5%3A0x926b3b7aed1ca297!2sHub%20At%20ECR!5e0!3m2!1sen!2sin!4v1696594428049!5m2!1sen!2sin,12.933941,80.251916,premium,true,,207,hubatecr@yahoo.com,http://www.hubatecr.com/,http://facebook.com/hubatecr,http://twitter.com/hubatecr,http://instagram.com/hubatecr,,hub-at-ecr,2023-09-29 18:26:56+00,2025-11-05 13:43:57+00
29e1a6b0-c25e-49d3-be6b-6afbac60b924,,"RBI,        ESI,        EPFO,      SBI PO coaching,      IBPS RRB Officers coaching,      SIDBI Officers Coaching,      Insurance,      NABARD Assistant Coaching",The Chennai School of Banking & Management,T. Nagar,32,"133,147",6000.00,Year,,,0,Monday - Saturday,09:00:00,17:30:00,Sunday,09:00:00,13:00:00,+91 93813 33346,"[""01b36d0eae3771391455661b45834805.jpg""]",images/service/1697610467chennai school.jpg,"No. 15, MMH Complex, Natesan Street, Postal Colony, T. Nagar, Chennai, Tamil Nadu - 600 017","This Coaching Program is updated according to the latest pattern introduced by the board. The candidates will be trained using previous years bank exam papers and revised pattern. Annually recruits Probationary Officers (PO), Specialist Officers and Clerk from RBI-SBI-IBPS- FCI-ESI-EPFO-NABARD-SIDBI & INSURANCE. So, if you start your preparation in advance its 100% possible to get placed.","SBI, IBPS, RBI, RRB Banking Coaching",https://www.google.com/maps/embed?pb=!1m18!1m12!1m3!1d124383.57086096585!2d80.14669294473066!3d13.036525478316879!2m3!1f0!2f0!3f0!3m2!1i1024!2i768!4f13.1!3m3!1m2!1s0x3a5266fe4a7bd183%3A0xe8e24d09960ae7fd!2sThe%20Chennai%20School%20of%20Banking%20%26%20Management!5e0!3m2!1sen!2sin!4v1697193577208!5m2!1sen!2sin,13.036539,80.229095,premium,true,,1580,csbindia@gmail.com,//www.chennaischoolofbanking.com/,//www.facebook.com/people/Chennai-School-of-Banking/100057281656439/,//twitter.com/of_banking,//www.instagram.com/chennaischoolofbanking/,,the-chennai-school-of-banking-&-management,2023-10-13 10:38:56+00,2025-12-27 18:09:15+00
2c750835-1514-4978-ba00-9db5308893f0,,"Packing,    Unpacking,    Office Relocation,    Ware House storage,    Car Tranportation",JMD Packers & Movers,Madhavaram,19,"48,49,50",13000.00,Service,,,0,Monday - Sunday,00:00:00,23:59:00,,,,+91 97878 50006,"[""678a1491514b7f1006d605e9161946b1.jpg"",""3de2334a314a7a72721f1f74a6cb4cee.jpg"",""63a99723ebb3af94d52b474c3b21dbe1.jpg""]",images/service/1697179912jmd 2.jpg,"No. 10/42, 2nd Street, Swamy Nagar, Madhavaram, Chennai, Tamil Nadu - 600 060","Welcome to JMD Packers and Movers. Are you looking for the support of professionals to relocate your business, households, valuables, or vehicles? We at, JMD Packers and Movers are one of the best and most well-known packers and movers based in Chennai, India. Our active process, us to satisfy customers moving requirements and provide the most shifting solutions to our loyal customers. We at, JMD Packers and Movers are the most demanded packers and movers company in the moving industry owing to our hard work and command. JMD Packers and Movers in Chennai are always showcasing our inventive line by operating our maximum help and making all-out relocation needs. By transiting the implausible impact of countless pleased customers, we at, JMD Packers and Movers have identified ourselves as the most considerable movers and packers company in Chennai as well as throughout the nation.",2 BHK Shifting,https://www.google.com/maps/embed?pb=!1m18!1m12!1m3!1d3885.2206985940766!2d80.22446697511073!3d13.14847431097575!2m3!1f0!2f0!3f0!3m2!1i1024!2i768!4f13.1!3m3!1m2!1s0x3a5265dd278b4e4f%3A0x574abb1ed1b46a42!2sJMD%20Packers%20%26%20Movers!5e0!3m2!1sen!2sin!4v1697526746052!5m2!1sen!2sin,13.149027,80.227151,premium,true,,522,info@jmdpackers.com,//jmdpackers.com/,//www.facebook.com/JMDPackers,//twitter.com/JMDPackers,//www.instagram.com/jmdpackers_official/,,jmd-packers-&-movers,2023-10-13 06:50:23+00,2025-12-30 05:15:22+00
2f2f1773-5777-4e65-80a8-7fbb4588d057,,"Domestic and International Services,  Express Cargo",Shree Maruti Courier Service Pvt Ltd,Alandur,23,"39,40",0.00,,,,0,Monday - Saturday,10:00:00,18:00:00,,,,044-43534213,"[""f8548d450d3c2e5f6c847a3de0748b8d.jpg""]",images/service/1696878578depositphotos_20188641-stock-photo-pretty-delivery-girl-and-team.jpg,"No. 335/2, MKN Road Morrison, Morrison 4th Street, Hudco Colony Layout, Alandur, Chennai, Tamil Nadu - 600 016","We are one of the leaders in Asia pacific for courier services, and integrated express package distribution company with high reliability and satisfactory ratio. We have the most extensive domestic network covering over 2600+ locations, and service more than 22 countries and territories worldwide through our group company, Shree Maruti Courier global brand name in fast and effective distribution services. Our vision is to establish continuing brilliance in delivery capabilities focused on the individual customer. In pursuit of sustainable leadership in quality services, we have evolved an infrastructure unique in the country today: State-of-the-art Technology, indigenously developed, for Track and Trace, MIS, ERP, Customer Service, Space Control and Reservations. Special Aviation, dedicated capacity to support our time-definite morning deliveries through night freighter flight operations. A countrywide Surface network to complement our air services. Distribution network at various locations across the country as well as bonded warehouses at the all major metros of the country. ISO 9001 – 2008 countrywide certification Register Quality Assurance for our entire operations, products and services. Ecommerce B2B and B2C initiatives including partnering with some of the prime portals in the country.",,https://www.google.com/maps/embed?pb=!1m18!1m12!1m3!1d3887.6154534304774!2d80.19262546302011!3d12.99642979678779!2m3!1f0!2f0!3f0!3m2!1i1024!2i768!4f13.1!3m3!1m2!1s0x3a526753d321e71d%3A0x30e5b5f8e8683ccf!2sShree%20Maruti%20Courier%20Service%20P%20ltd%20Regional%20office!5e0!3m2!1sen!2sin!4v1696241560903!5m2!1sen!2sin,12.996387,80.192518,standard,true,,291,customercare@shreemaruticourier.com,//www.shreemaruticourier.com/,//www.facebook.com/shreemaruticourierservices,,//www.instagram.com/shreemaruticourier/,,shree-maruti-courier-service-pvt-ltd,2023-10-02 10:11:25+00,2025-12-28 10:40:34+00
2f6a64a5-7913-4076-8c48-058e56bca401,,"Body shop,  Common repairs,  Value added services,  Scanning and diagnostics",GDR Auto Garage,Kodambakkam,25,"21,22",4000.00,Service,,,0,Monday - Saturday,06:00:00,22:00:00,,,,+91 96771 94148,"[""51de85ddd068f0bc787691d356176df9.jpeg""]",images/service/1695921900Oil Change.jpg,"No. 4, Rangarajapuram, 2nd Street Near Five Lights, Kodambakkam, Chennai, Tamil Nadu - 600 024","Being car owners, we all are aware of all the troubles that one has to go through to keep their car clean. Even if we check it regularly, it doesn’t suffice. Washing the exterior of car with only water, is not enough, we are not able to protect the car’s paint from dust and mud that finds its way on the sides and bumpers of the car.",General Service,https://www.google.com/maps/embed?pb=!1m18!1m12!1m3!1d3886.843630491986!2d80.22417657507772!3d13.045623487276586!2m3!1f0!2f0!3f0!3m2!1i1024!2i768!4f13.1!3m3!1m2!1s0x3a5266f0dce05bfd%3A0x8f944ad6d0f9d4c5!2sGDR%20Auto%20Garage!5e0!3m2!1sen!2sin!4v1697524060099!5m2!1sen!2sin,13.045624,80.226751,standard,true,,417,gdrautogarage@gmail.com,//gdrautogarage.com/,,,,,gdr-auto-garage,2023-09-28 17:25:00+00,2025-12-13 20:48:26+00
31bf4d09-db9b-4792-b320-526d435a1201,,Yacht,Royal Madras Yacht Club,Raja Annamalaipuram,21,333,10000.00,,,9500.00,5,Monday - Saturday,10:00:00,18:00:00,,,,+91 90800 72784,"[""116ce3668c6d5c744252b9a1cb67b8d4.jpg"",""e60e81c4cbe5171cd654662d9887aec2.jpg"",""7240b65810859cbf2a8d9f76a638c0a3.jpg""]",images/service/1697282594yatch w.jpg,"Spring Heaven Warf, The Harbor, Chennai, Tamil Nadu - 600 001","We at RMYC pride ourselves in being an active, inclusive and family friendly Sailing Club, working together to encourage participation in the sport we all enjoy. Old or young, experienced or novice we welcome all those whose aim is to have “fun” on the waters. From just a half a dozen races a year the Club now puts on a full and varied programme of racing (National & International) and cruising events all round the year to cater for sailors of every skill level.",,https://www.google.com/maps/embed?pb=!1m18!1m12!1m3!1d124355.75106977666!2d80.21327434574438!3d13.091756727034795!2m3!1f0!2f0!3f0!3m2!1i1024!2i768!4f13.1!3m3!1m2!1s0x3a526f48fd39aa0f%3A0x452d0c29e3a5c6c5!2sRoyal%20Madras%20Yacht%20Club!5e0!3m2!1sen!2sin!4v1697282619707!5m2!1sen!2sin,,,premium,false,,63,rmyc.sailingclub@gmail.com,http://www.rmycofficial.in/,,,,,royal-madras-yacht-club,2023-10-14 11:23:14+00,2024-05-01 07:07:29+00
32e019e6-832c-49a9-95ac-f6f5927b0f63,,"Spa,    Beach resort,    Banquet hall,    Day out",Chariot Beach Resort,Mahabalipuram,18,"99,95",12500.00,Day,,,0,Monday - Sunday,00:00:00,23:59:00,,,,+91 94449 92727,"[""ba304f3809ed31d0ad97b5a2b5df2a39.jpeg""]",images/service/1697308685qwertui.jpeg,"Five Rathas Road, Behind Five Rathas Monument, Mahabalipuram, Tamil Nadu - 603 104","Chariot Beach Resort, one of the top resorts in Chennai's Mahabalipuram, welcomes you warmly. Stay in one of our suites or cottages near the water to see nature at its best. Without interruptions, enjoy a beachside candle-lit meal with your partner. Our oceanfront party and formal event venue is excellent. Our six room types overlook the sea, garden, and Olympic pool.
 Take advantage of exclusive access to our stunning private beach for one km. The UNESCO World Heritage site of Five Rathas is within walking distance of our beach resort on Five Rathas Road. You can explore over 45 acres of natural surroundings and lovely green meadows at this resort. The outside seating lets you enjoy the best sea food, tandoors, barbecues, drinks, and mocktails while being near nature. The accommodations will amaze you with their stunning views and modern facilities. The rooms include plush furnishings and warm colour palettes with king- or queen-sized mattresses, a television, a minibar, in-room safe, and more for the ultimate city experience.",,https://www.google.com/maps/embed?pb=!1m18!1m12!1m3!1d248977.67721731422!2d80.061670070697!3d12.825419937213201!2m3!1f0!2f0!3f0!3m2!1i1024!2i768!4f13.1!3m3!1m2!1s0x3badaaea6eaaaaab%3A0x5a067075e4ac27d!2sChariot%20Beach%20Resort!5e0!3m2!1sen!2sin!4v1697527434282!5m2!1sen!2sin,12.606389,80.191751,premium,true,,173,sales8@chariotbeachresorts.com,//www.chariotbeachresorts.com/,//www.facebook.com/ChariotBeachResort/,//twitter.com/ChariotBeach,//www.instagram.com/chariotbeachresortsofficial/,//www.linkedin.com/company/chariotbeachresorts,chariot-beach-resort,2023-09-25 07:35:41+00,2025-11-21 11:23:34+00
32f07097-b229-4b94-b8d1-855fdcecba6b,,"Makeover,            Haircut,            Rituals,            Facials,            Beauty,            Massage,            Colouring,        Hand and Feet,      Bridal makeup",Wink Salon,Alwarpet,22,"110,111,114,116,117,118,119,120,122,124,126",500.00,,,,0,Monday - Sunday,10:00:00,21:00:00,,,,+91 98403 88955,"[""d582ac40970f9885836a61d7b2c662e4.jpg""]",images/service/1696848201wink 112.avif,"New No. 311, Old No. 122/B, Manickam Avenue, Off TTK Road, Next to P N Rao Showroom, Alwarpet, Chennai, Tamil Nadu - 600 018","WINK is the first of its kind, premium-luxury salon boutique to have emerged in Chennai; the heart, soul and brains behind which is Samantha. With years of exposure in the media industry, and working alongside top-notch beauty artists and hairstylists, it was only natural that she burst in flames aesthetically to build her signature, fine-tuned empire. We offer exclusive, high-end services ranging from advanced skin solutions to personalized hair designing and everything in between. We also provide our clients with an in-house Photography Studio, a Bridal/VIP suite, a Training Room and of course, a Meditation Room.","Men, Women & Kids Hair cut and more.",https://www.google.com/maps/embed?pb=!1m18!1m12!1m3!1d62192.1506445511!2d80.18462682400904!3d13.035072245092763!2m3!1f0!2f0!3f0!3m2!1i1024!2i768!4f13.1!3m3!1m2!1s0x3a5267b598238be1%3A0x7b873b31880eff29!2sWINK%20SALON!5e0!3m2!1sen!2sin!4v1696848270623!5m2!1sen!2sin,13.032337,80.253020,premium,true,,1197,hola@whatawink.com,//www.whatawink.com/,//www.facebook.com/whatawink,//twitter.com/whatawink,//www.instagram.com/whatawink/,,wink-salon,2023-09-30 18:00:05+00,2025-12-30 04:50:55+00
340221e4-8429-4986-913f-966299c49347,,games,Go Xtreme paintball and Adventure Zone,ECR - East Coast Road,26,211,590.00,Person,,,0,Monday - Sunday,09:00:00,21:00:00,,,,+91 77788 83749,"[""0dbcf39d413231953d442f2f17f80cd5.jpeg""]",images/service/1696509720x tream.jpeg,"Plot No. 18, VGP 2nd, East Coast Rd, VGP LAYOUT PART 1, Uthandi, Chennai, Tamil Nadu - 600 119","Go Xtreme will be home to several adrenaline-raising concepts such as a paintball park, Body Zorbing, Archery, Target Shooting, Trampoline, Human foosball, Duet cycle with plenty more activities to follow. Our new leisure destination welcomes families, residents, tourists, Corporates and students. GO XTREME Chennai is located just 20km away from the main city in a well-known Place called EAST COAST ROAD familiarly called ECR. Our property is located very near to Sea to enjoy the scenic Beauty of East coast Beach .","Paintball , Archery and Adventure games - 590 / head",https://www.google.com/maps/embed?pb=!1m18!1m12!1m3!1d3889.5764982899755!2d80.2468269!3d12.8706075!2m3!1f0!2f0!3f0!3m2!1i1024!2i768!4f13.1!3m3!1m2!1s0x3a525b6f0835d067%3A0xa78ba05d6f508fd2!2sGo%20Xtreme%20Paintball%20and%20Adventure%20Zone!5e0!3m2!1sen!2sin!4v1695636845962!5m2!1sen!2sin,12.870608,80.246827,premium,true,,206,info@goxtreme.in,//www.goxtreme.in/,//m.facebook.com/goxtremepaintballECR/,,//www.instagram.com/p/CILJ_5Ng3Jl/?igshid=15ixzdh2phf8m,,go-xtreme-paintball-and-adventure-zone,2023-09-25 10:13:30+00,2025-12-30 03:45:16+00
372e9a2b-0ab7-49d9-9d8d-c8f9577bb635,,"Loading and Unloading Services,   Car Transportation Services,   Office Relocation Services",The Professional Packers And Movers,Poonamallee,19,"49,55",6000.00,,,6000.00,0,Monday - Sunday,00:00:00,23:59:00,,,,+91 95435 05006,"[""18a411989b47ed75a60ac69d9da05aa5.jpg""]",images/service/1700205975new 3.jpg,"Plot No. 35, Dr. Abdul Kalam Nagar, 3rd Street, Senneer Kuppam, Poonamallee, Chennai, Tamil Nadu - 600 056","We offer professional relocation, moving and packing of Cars, Machineries, Components, Electronic control panels, Multitask Computers, Laboratory equipments. Household merchandise, Automobiles etc. in the metropolitan cities and the small cities. We prefer using every latest technology and development, which can be useful for our customers. We follow recent developments in international market to satisfy our customers. Also all our services are very economic and cost effective.",,https://www.google.com/maps/embed?pb=!1m18!1m12!1m3!1d124370.75754030317!2d80.03870934519755!3d13.061992554664734!2m3!1f0!2f0!3f0!3m2!1i1024!2i768!4f13.1!3m3!1m2!1s0x3a52615180953b6d%3A0xc1f33a62ee91bf2!2sThe%20Professional%20Packers%20And%20Movers!5e0!3m2!1sen!2sin!4v1697106336022!5m2!1sen!2sin,13.062006,80.121111,standard,true,,109,theprofessionalpackmove@gmail.com,https://www.theprofessionalpackers.in/,,,,,the-professional-packers-and-movers,2023-10-12 10:24:49+00,2025-11-19 07:34:26+00
3b2b47f9-170d-4b7b-8778-894fe2d28772,,"Banquets,   Party Hall,   Resort",Park Inn Beach Resort,ECR - East Coast Road,18,"95,99",5000.00,Day,,,0,Monday - Sunday,08:00:00,22:00:00,,,,+91 99413 66660,"[""f0682320ccbbb1f1fb1e795de5e5639a.jpg"",""d8d31bd778da8bdd536187c36e48892b.jpg"",""a7a3d70c6d17a73140918996d03c014f.jpg"",""7d265aa7147bd3913fb84c7963a209d1.avif""]",images/service/1697306057449752873.jpg,"No. 2/226, Chinnandikuppam Road, Vettuvankeni, Chennai, Tamil Nadu - 600 041","Park Inn Beach Resort is a business class resort, our name is synonymous with the best resorts in Chennai. Spread over one and a half acres of lush green lawn well away from the pressures of city life but close enough so as to be able to provide all foreseeable amenities. We are situated on Chennai’s beach strip on East Coast Road...",Beach Villa,https://www.google.com/maps/embed?pb=!1m18!1m12!1m3!1d62207.24357005664!2d80.18498495764432!3d12.974875685329089!2m3!1f0!2f0!3f0!3m2!1i1024!2i768!4f13.1!3m3!1m2!1s0x3a525cdd469dde9f%3A0x5466461851c4d696!2sPark%20Inn%20Beach%20Resort!5e0!3m2!1sen!2sin!4v1697191505417!5m2!1sen!2sin,12.934588,80.256901,premium,true,,280,sales@parkinnbeachresort.com,//www.parkinnbeachresort.com/,//www.facebook.com/Parkinn-beach-resort-263085420853748/?sw_fnr_id=856147888&fnr_t=0,//mobile.twitter.com/ParkinnBeach,,,park-inn-beach-resort,2023-10-13 10:03:25+00,2025-09-22 12:07:58+00
3b7f0661-7180-400e-a7b7-607436ee61aa,,"Food,    Drinks,  Multicuisine",Lord of the drinks chennai,Nungambakkam,36,41,2000.00,,,1500.00,25,Monday - Sunday,12:00:00,01:00:00,,,,+91 89390 05757,"[""8487e01fbaf43e758c17f86472cbf3e6.png""]",images/service/1696010460lotd.png,"No. 103, Nungambakkam High Road, Thirumoorthy Nagar, Nungambakkam, Chennai, Tamil Nadu - 600 034","Welcome to Lord of the Drinks (LOTD), the ultimate restaurant and bar experience. We are now serving in other cities including metropolitan cities such as Mumbai, Chennai, Bangalore, and more. Immerse yourself in our medieval-inspired ambiance while indulging in a mouth-watering array of multi-cuisine. From tantalizing appetizers to decadent entrees, LOTD guarantees to take your taste buds on a journey. Our commitment to excellence in both food and ambiance will leave you spellbound.",,https://www.google.com/maps/embed?pb=!1m18!1m12!1m3!1d62187.74114111023!2d80.18088682408795!3d13.052607591021173!2m3!1f0!2f0!3f0!3m2!1i1024!2i768!4f13.1!3m3!1m2!1s0x3a526742a87941ef%3A0xc14986a8ca7cebec!2sLord%20of%20the%20Drinks%20Chennai!5e0!3m2!1sen!2sin!4v1696591983402!5m2!1sen!2sin,13.062207,80.245544,premium,true,,161,lordofthedrinks@firstfiddle.in,https://www.lordofthedrinks.in/,https://www.facebook.com/lotdindia,https://twitter.com/i/flow/login?redirect_after_login=%2FLOTD_India,https://www.instagram.com/lordofthedrinksofficial/,,lord-of-the-drinks-chennai,2023-09-29 18:01:00+00,2025-12-29 22:13:34+00
3bd2f213-6d29-4646-aa83-e824440e1782,,Gym,Dimensions Health Club,Mandaveli,28,266,19000.00,,,19000.00,0,Monday - Saturday,05:30:00,21:30:00,,,,044-42030507,"[""8dc5983b8c4ef1d8fcd5f325f9a65511.jpg""]",images/service/1696933796ss1.webp,"No. 2/12, CP Ramaswamy Iyer Road, Vidhya Thirtha Nagar, Abiramapuram, Madaveli, Chennai, Tamil Nadu - 600 018","DHC has an array of solutions ranging from cardio/strength training, high intensity boot camp workouts, aerobics, kalaripayattu/silambam to sink roots with Indian tradition, yoga to help balance with mind and body and Zumba/Salsa to keep our heart beats young and wild. With a boutique of choices, an individual’s spark is kindled into a long-lasting fire that keeps them hooked and constantly motivates them to become a part of this thriving and bubbling fitness community.",,https://www.google.com/maps/embed?pb=!1m18!1m12!1m3!1d3887.0854100229208!2d80.25377747420593!3d13.030232813591866!2m3!1f0!2f0!3f0!3m2!1i1024!2i768!4f13.1!3m3!1m2!1s0x3a5267cf28a7173d%3A0xfc34f4ee592465d3!2sDimensions%20Health%20Club!5e0!3m2!1sen!2sin!4v1696940507823!5m2!1sen!2sin,,,standard,false,,126,ashok.damodaran@gmail.com,http://www.dimensionshealthclub.com/,https://www.facebook.com/DimensionsFitnessChennai/,,https://www.instagram.com/dimensionsfitnesschennai/,,dimensions-health-club,2023-10-10 10:29:56+00,2024-09-10 00:05:38+00
3f0af4df-74e9-437f-8867-53bbd4f055e1,,"Residential,         Commercial,         Industrial,  Joint venture",Akshaya Private Limited,Adyar,42,"280,281,282,287,289,290,293",45000.00,,,40000.00,11,Monday - Saturday,09:00:00,18:00:00,,,,044-42008811,"[""1a07bcc79f21590b3ed2622d5807bdd0.jpg""]",images/service/1696919001EO-Tamarind.jpg,"No. 117, Akshaya Pvt Ltd, 7th Floor, Lattice Brg Road, Adyar, Chennai, Tamil Nadu - 600 020","Akshaya Pvt Ltd. was founded in 1995 under the stewardship of Mr. T. Chitty Babu, a qualified Civil Engineer. Since its inception, Akshaya has set higher standards for itself, inspired by the Sanskrit origin of its name, which means ‘endless pursuit’. It has grown into one of the most respected real estate companies in India, reputed for its transparent business practices and innovation. A truly successful journey over the last 27 years has seen the company grow by leaps and bounds, as it went about creating over 170 landmarks and 6000+ customers across Tamil Nadu. In an endeavour to excel and set higher standards of performance and corporate governance, the management team has on board professionals from various other industries to head the Marketing, Technical, HR, Finance, Sales & Customer Relations, Branding, Legal systems, Management Representative for ISO Audits & Safety and Human Resource divisions. Akshaya’s core values of transparency, clear titles and ethical business practices, clearly set the company apart from the rest of the industry players. A strict adherence to statutory norms has earned Akshaya the respect of the real estate industry and the admiration of numerous delighted customers. A sincere belief that “ An educated customer is not a threat but in fact is a customer for life” saw Akshaya launch a consumer awareness initiative called “Akshaya Home Facts” through which customers are educated on all the nuances involved in purchase of real estate property. The “Akshaya Home Facts” book contains information on all the possible rights of a customer and helps him/her make a considered purchase decision. True to its name, Akshaya continues in its endless journey, foraying into plotted development, commercial spaces, retail spaces and diversified operations in other parts of South India as well. At Akshaya, excellence is a journey, not a destination.",,https://www.google.com/maps/embed?pb=!1m18!1m12!1m3!1d62199.85354336308!2d80.18130957387125!3d13.00438425222124!2m3!1f0!2f0!3f0!3m2!1i1024!2i768!4f13.1!3m3!1m2!1s0x3a525d13411e52f5%3A0x9c7d1e64a3dd5a87!2sAkshaya%20Private%20Limited!5e0!3m2!1sen!2sin!4v1696850970167!5m2!1sen!2sin,13.005323,80.256986,standard,false,,124,marketing@akshaya.com,https://www.akshaya.com,https://www.facebook.com/Akshaya.Uncompromise,https://twitter.com/AAAofrealestate,https://www.instagram.com/akshaya_uncompromise/,,akshaya-private-limited,2023-09-30 19:19:14+00,2025-12-25 19:38:46+00
43e76ba2-a1e4-4d5e-8b74-eb41c892ae4c,,"Periodic maintenance,  Battery replacement or recharge,  General service,  Car body shop",Full Throttle Automotive,Koyambedu,25,"21,22",6000.00,Charge,,,0,Monday - Saturday,08:00:00,23:30:00,Sunday,09:00:00,05:00:00,+91 99624 37373,"[""5901fe6483310c89c35b54455f2a5557.jpeg""]",images/service/1696588083full.jpg,"No. 1/44, Poonamallee High Road, Next to Palmshore Hotel, Nerkundram, Chennai, Tamil Nadu - 600 107","Since 2011, Full Throttle Automotive has been at the forefront of automotive innovation, leading the way as a first-generation pioneer in the industry. As an independently owned and operated collision repair facility, we take pride in our work and have earned the trust of over 5000 happy customers.",General Service,https://www.google.com/maps/embed?pb=!1m18!1m12!1m3!1d31090.824249408557!2d80.18148841131499!3d13.076798283873421!2m3!1f0!2f0!3f0!3m2!1i1024!2i768!4f13.1!3m3!1m2!1s0x3a52673b4a8bf6cb%3A0x8d88b4cf68bcc899!2sFull%20Throttle%20Automotive!5e0!3m2!1sen!2sin!4v1696588209445!5m2!1sen!2sin,13.071820,80.186498,premium,true,,1192,fta@hotmail.co.in,//www.ftacarcare.com/,//www.facebook.com/sharer/sharer.php?u=//www.ftacarcare.com,//twitter.com/intent/tweet?text=Check%20out%20Full%20Throttle%20Automotive%E2%80%99s%20website.%20Follow%20the%20latest%20updates%20and%20offers%20regularly.&url=//www.ftacarcare.com,,//www.linkedin.com/shareArticle?url=//www.ftacarcare.com,full-throttle-automotive,2023-09-28 17:43:45+00,2025-12-25 10:52:21+00
447d70a5-6f4b-4648-9f73-d7fd4ad08e2b,,"Car ceramic coating,            Car foa wash service,            Car interior cleaning,            Car engine service,            Car repair service,            Car dent repair,            Car AC service",Chennai Car Care,Medavakkam,25,"1,10,21,22",6000.00,,,,0,Monday - Saturday,09:00:00,20:00:00,Sunday,09:00:00,16:00:00,+91 74488 76665,"[""1145a30ff80745b56fb0cecf65305017.jpg"",""2812e5cf6d8f21d69c91dddeefb792a7.jpg"",""d55eaf8506f9046a88b8730781830194.jpg""]",images/service/1697115634330828417_491524279861294_7082111016658857067_n.jpg,"No. 187/52, 2nd Street, Rukmani Nagar, Perumbakkam, Medavakkam, Chennai, Tamil Nadu - 600 100","With the intention of filling the void in the city of Chennai's professional car maintenance requirements, Chennai Car Maintenance came into being. Locating a service station that provides services such as automobile detailing, car washing, or car repair is not difficult; nevertheless, finding experienced mechanics who are also skilled in technical abilities is a chore that is undoubtedly challenging. As a result of our understanding of the needs of car owners, we decided to develop Chennai Car Care with the mission of providing exceptional services. We are looking forward to being remembered as an exceptional automobile service station in Chennai.",General Service,https://www.google.com/maps/embed?pb=!1m18!1m12!1m3!1d124413.21316844075!2d80.1243262936505!3d12.977421783248133!2m3!1f0!2f0!3f0!3m2!1i1024!2i768!4f13.1!3m3!1m2!1s0x3a525c1ae0cce4f7%3A0x2bda88fbe0e2e768!2sChennai%20Car%20Care!5e0!3m2!1sen!2sin!4v1696586632598!5m2!1sen!2sin,12.910083,80.195990,premium,true,,1181,info@chennaicarcare.com,//www.chennaicarcare.com/,//www.facebook.com/ChennaiCarCare/,,//www.instagram.com/chennaicarcare/,,chennai-car-care,2023-09-28 17:01:06+00,2025-12-29 23:41:34+00
4758913f-998a-4f35-9b82-fc8be05cee87,,Ladies PG,Thaai Women's Hostel and PG,Kodambakkam,44,335,9700.00,Person,,,0,Monday - Sunday,00:00:00,23:59:00,,,,+91 90039 47373,"[""b06b5541a62ed438f956b662b4e1ec28.jpeg""]",images/service/1698658324payingguestinbengaluru.com (3).jpeg,"No. 8, 2nd Cross Street, Near Power House Bus Stop, Ganga Nagar, Kodambakkam, Chennai, Tamil Nadu - 600 024","Our women’s hostel is well entrenched in the areas of safety, and is noted for its neatness & maintenance and friendly living environment. Thaai Women's Hostel understands the time and resource crunch of a busy woman and creates the perfect solution. Thaai Women's Hostel offers luxury & comfort at very reasonable prices.",A/C and Non A/C rooms with sharing,https://www.google.com/maps/embed?pb=!1m18!1m12!1m3!1d124374.57224095639!2d80.13940604505855!3d13.054415761700486!2m3!1f0!2f0!3f0!3m2!1i1024!2i768!4f13.1!3m3!1m2!1s0x3a5266f2637b97a5%3A0xa82040bac08b2b5b!2sThaai%20Women's%20Hostel%20and%20PG!5e0!3m2!1sen!2sin!4v1698230970539!5m2!1sen!2sin,13.054429,80.221808,standard,true,,270,thaaiwomenhostel@gmail.com,https://www.thaaiwomenshostel.com/,//www.facebook.com/Thaai-womens-hostel-296771904041691/,,,,thaai-women's-hostel-and-pg,2023-10-30 09:32:04+00,2025-12-20 06:47:28+00
4a26ad50-be1a-426d-8ba9-7ccd67f78362,,"Dental Fillings,         Dental Implant Fixing,         Zirconia Crowns,         TMJ Therapy,         General Dentistry,         Dental Sleep Medicine,         Scaling / Polishing,         Pulpectomy,         Tooth Air Polishing and Surgical Tooth Extraction",Clove Dental,K. K. Nagar,29,300,550.00,Charge,,,0,Monday - Sunday,10:00:00,20:00:00,,,,+91 82879 28325,"[""012a91467f210472fab4e11359bbfef6.jpg""]",images/service/1697285097dent.jpeg,"No. 892, Munusamy Salai, KK Nagar, Chennai, Tamil Nadu - 600 078","Clove Dental (a brand name of M/s. Star Dental Centre Private Limited) is the largest network of dental clinics in India. Since inception in 2011, we have been persistent in our tunnel vision and ardently strive to offer global standards of dentistry in every neighbourhood across the subcontinent. Spread across 350+ clinics Clove manages an excess of 1 million+ patients every month. In addition, we have conducted about 15 lakh treatments in the last ten years. Clove Dental is equipped with state-of-the-art equipment and technology, has recruited over 800 dentists and set the highest thresholds for hygiene, clinic safety, transparency, ethics, and customer service. For instance, the Clove Dental Four-Step Protocol guarantees that each instrument and surface that comes in contact with patients is thoroughly sterilized prior to the next patient’s consultation.",General consultation,https://www.google.com/maps/embed?pb=!1m18!1m12!1m3!1d3886.919128548859!2d80.19074917510937!3d13.040819513356855!2m3!1f0!2f0!3f0!3m2!1i1024!2i768!4f13.1!3m3!1m2!1s0x3a5266d1607e4847%3A0x24746f25d708f59f!2sClove%20Dental!5e0!3m2!1sen!2sin!4v1696857717505!5m2!1sen!2sin,13.040815,80.193309,premium,true,,194,dentist@clovedental.in,//clovedental.in/,//www.facebook.com/clovedentalindia,//twitter.com/Clove_Dental,//www.instagram.com/clovedentalindia/,,clove-dental,2023-10-04 08:35:31+00,2025-12-21 15:30:18+00
4c40393b-0d0c-4272-ac54-b42d2a7dcd6b,,Veg,Lakshanaa Caterers,Padi,11,257,200.00,Plate,,,0,Monday - Saturday,10:00:00,21:00:00,,,,+91 98409 72742,[],images/service/1695192598laksha na 3.webp,"No. 24, 3rd Cross Street, Bhagyathammal Nagar, Padi, Chennai, Tamil Nadu - 600 050.","For today's choosy foodies, Lakshanaa Caters offers delectable Indian food. Getting lunches, dinners, snacks, and light meals catered every day, even on vacation, is not expensive. Good customer service enhances the flavour of food. Our restaurant's fresh food offering is dynamic and made with the finest local products. Enjoy your exotic cuisine. In our cutting-edge kitchen, our talented chefs create one-of-a-kind delicacies. To satisfy your preferences and create a lasting memory for your event, chefs will present your meal in an elegant manner, utilising contemporary equipment and attractive dishes. We are professionals at catering to any form of gathering or conference. Organizing events for hundreds of guests, including families and friends, makes us proud. In order for you to enjoy the event, our knowledgeable, amiable, and accommodating servers will make every effort to satisfy your needs as well as the needs of your guests. We put a lot of effort into making sure that the cuisine at your special occasion is good, fresh, and varied while also trying to please our consumers.","Veg - 200, Non veg - 350",https://www.google.com/maps/embed?pb=!1m18!1m12!1m3!1d124356.24908056107!2d80.09860684572624!3d13.090770027950523!2m3!1f0!2f0!3f0!3m2!1i1024!2i768!4f13.1!3m3!1m2!1s0x3a5266ebd25e22bb%3A0x4a9623f0efed0ccd!2sLakshanaa%20Caterers!5e0!3m2!1sen!2sin!4v1696498098394!5m2!1sen!2sin,13.090783,80.181009,standard,true,,356,lakshanaacaterers@gmail.com,//www.lakshanaa.co.in/,//www.facebook.com/LakshanaaCaterers/,,//www.instagram.com/lakshanaacaterers/,,lakshanaa-caterers,2023-09-20 06:49:58+00,2025-12-29 02:11:56+00
4c60e04d-02ba-4aa9-92f0-f67251283627,,"Wedding Hall,   Party Hall,   Conference Hall",Sigaram Celebrations The Banquet Hall,Vadapalani,15,"32,33",50000.00,Day,,,0,Monday - Sunday,09:00:00,20:00:00,,,,+91 82209 98777,"[""c055dcc749c2632fd4dd806301f05ba6.jfif""]",images/service/1697028500siga.avif,"No. 51 & 52, Kumaran Colony Main Road, Kumaran Colony, Vadapalani, Chennai, Tamil Nadu - 600 026","The Sigaram Group was established by Dr. R. Chandrashekar in 2004. Known as CS among his friends and associates, he is the Founder and Managing Director of the Sigaram Group. Dr. Chandrashekar completed his management degree and spent two decades gaining experience before starting the Sigaram Group. His benevolent vision is to make every person a successful millionaire. Today, the Sigaram Group has successful businesses in several sectors including real estate, education, health, restaurant and entertainment.",,https://www.google.com/maps/embed?pb=!1m18!1m12!1m3!1d124375.81589831307!2d80.12484874501322!3d13.051944663995325!2m3!1f0!2f0!3f0!3m2!1i1024!2i768!4f13.1!3m3!1m2!1s0x3a5266c183676b73%3A0x29ae91af6e7105e2!2sSigaram%20Celebrations%20The%20Banquet%20Hall!5e0!3m2!1sen!2sin!4v1697028145605!5m2!1sen!2sin,13.051958,80.207251,premium,true,,305,info@sigaramcelebrations.in,//www.sigaramcelebrations.in/,,,,,sigaram-celebrations-the-banquet-hall,2023-10-11 12:41:36+00,2025-12-18 02:54:03+00
4cede400-9c80-4ecb-a9e2-cb11fd2c8c4a,,"Commercial,     Residential,     Apartments,     Condominium",Godrej Properties,OMR - Old Mahabalipuram Road,42,"282,287,288,289,290",50000.00,,,45000.00,10,Monday - Sunday,10:00:00,19:00:00,,,,+91 82878 82878,"[""738a6457be8432bab553e21b4235dd97.jpg""]",images/service/1696916351project_gallery01.jpg,"OMR, Opposite to Roundabout, Padur, Tamil Nadu - 603 103","The Godrej Group comprises a varied business portfolio that includes real estate development, fast moving consumer goods, advanced engineering, home appliances, furniture, security, and Agri-care. While a large number of our businesses are privately held, the combined market cap of our publicly listed entities is in excess of USD 15 billion. Ranked as the 2nd most trusted Indian brand, with an annual revenue of USD 5 billion, and an estimated 1.1 billion customers across the world that use one or another Godrej product every day, the Godrej Group is amongst India's most diversified and trusted conglomerates. The Godrej Group was established in 1897 out of a desire to demonstrate economic self-sufficiency and excellence within India in the pre-independence decades. From safes that withstood fires better than international competitors', to one of the world's first soaps from vegetable oil, and the ballot boxes for independent India's first general election, the group has a proud tradition of making meaningful products and building businesses that serve the country's interests.  We have always focused on people and the planet along with the profits. Approximately 23% of the promoter stake in the Godrej Group, is owned by philanthropic trusts that work on environmental, educational, and health care issues in India.  We are also bringing together our passion and purpose to make a difference through our Good & Green strategy of shared values to create a more employable Indian workforce, build a greener India and innovate for ‘Good' and ‘Green' products.",,https://www.google.com/maps/embed?pb=!1m18!1m12!1m3!1d3890.5488979651163!2d80.22488477510643!3d12.807766918449005!2m3!1f0!2f0!3f0!3m2!1i1024!2i768!4f13.1!3m3!1m2!1s0x3a525b8cf76bd20d%3A0xb6e477ac0fbf03ba!2sGodrej%20Azure%2C%20Chennai!5e0!3m2!1sen!2sin!4v1696876630666!5m2!1sen!2sin,12.808459,80.226866,premium,false,,69,marketing@godrejproperties.com,https://www.godrejproperties.com/,https://www.facebook.com/godrejproperties/,https://twitter.com/GodrejProp,https://www.instagram.com/godrejpropertiesltd/,https://www.linkedin.com/company/134148?trk=tyah,godrej-properties,2023-09-30 20:10:09+00,2025-03-29 10:38:53+00
4d8a5be4-0a24-4e5e-a299-52b00c9aae55,,"Tnpsc,  Banking,  ssc,  RRB,  TNUSRB",Sparks Academy,Saidapet,32,"139,146,147",25000.00,Person,,15000.00,40,Monday - Sunday,09:30:00,21:00:00,,,,+91 81908 79379,"[""db957c626a8cd7a27231adfbf51e20eb.jpg"",""2eacc82231f2e62f9acb38bece54635e.jpg"",""53a1320cb5d2f56130ad5222f93da374.jpg""]",images/service/1697274040sparks dis.jpg,"No. 16, 2nd floor, Dharmaraja Koil Street, Periyapet, Saidapet, Chennai, Tamil Nadu - 600 015","Sparks Academy was founded on 01 - Jan - 2013 by the vision of a group of IES Aspirants. We had a humble beginning as a forum for ESE, GATE and PSU exams with a vision to provide an ideal launch pad for serious Engineering Aspirants. Along the way to realization of this vision, we went beyond merely coaching for Engineering and extend our guidance for non-technical exams as well.",TNPSC exam Coaching,https://www.google.com/maps/embed?pb=!1m18!1m12!1m3!1d3887.2039219238754!2d80.22239077510915!3d13.022682313756215!2m3!1f0!2f0!3f0!3m2!1i1024!2i768!4f13.1!3m3!1m2!1s0x3a526708acde4de7%3A0x1011898ee4cd0d9d!2sSparks%20Academy!5e0!3m2!1sen!2sin!4v1697525731809!5m2!1sen!2sin,13.022677,80.224966,standard,true,,84,sparksacademychennai@gmail.com,//www.sparksacademy.in/,//www.facebook.com/sparksacademy.chennai,//twitter.com/AcademySparks,//www.sparksacademy.in/,,sparks-academy,2023-10-14 09:00:40+00,2025-12-25 11:03:54+00
4e9266d7-8e5a-4619-a245-610b145ad24e,,"Traditional Photography,      Engagement,      Wedding,      Birthday,      Portraits,      Baby Shoot,      Candid Photography,      Cinematic Videography",Shadows Photography,Anna Nagar,33,"44,45,46,47",160000.00,Service,,,0,Monday - Sunday,11:00:00,20:00:00,,,,+91 95519 55955,"[""87682805257e619d49b8e0dfdc14affa.jpg""]",images/service/1696112162semalar-05-800x800.jpg,"No. 37, Dee Cee Tower, F Block, 2nd Ave, Block F, Anna Nagar, Chennai, Tamil Nadu - 600 102","We carve stories that are beyond fairy tales and classical romance as we believe the one who seeks the service of Shadows is the one who earns love and deserves to be celebrated. Our team specialises in capturing memories with state-of-the-art equipment. This has led us to the elite club of Wedding Photographers in India. So, we are among the affluent wedding photographers as well as commercial photography service providers and in fact among the creamy layers in Chennai. Look at the statistics online and you would see Shadows at the top of all and among the most preferred in various social media platforms. Canvera, an online database that lists the unique Photographers in India, showcases Shadows at the top of over 7500 photographers in Chennai, owing to highly positive reviews among the clientele.",Wedding Package,https://www.google.com/maps/embed?pb=!1m18!1m12!1m3!1d62193.85017040441!2d80.1679394821178!3d13.028307520189681!2m3!1f0!2f0!3f0!3m2!1i1024!2i768!4f13.1!3m3!1m2!1s0x3a525de1e806a04f%3A0x383b6b6a5e45f554!2sShadows%20Photography!5e0!3m2!1sen!2sin!4v1697526984702!5m2!1sen!2sin,13.084936,80.223127,standard,true,,118,shadowseventz@hotmail.com,//www.shadowsphotography.co/our-works/,//www.facebook.com/shadowsphotographychennai/,//twitter.com/ShadowsPhotoss,//www.instagram.com/shadowsphotographyy/,,shadows-photography,2023-09-30 22:16:02+00,2025-11-03 14:02:00+00
4f702b54-7b81-4feb-a35b-d663c7c80657,,Healthcare,Lifeline Hospitals,Kilpauk,17,90,45000.00,,,44000.00,2,Monday - Sunday,00:00:00,23:59:00,,,,+91 96772 22333,"[""3a09a524440d44d7f19870070a5ad42f.jpg""]",images/service/1695386746life line 1.jpg,"No. 47/3, New Avadi Road, Alagappa Nagar, Kilpauk, Chennai, Tamil Nadu - 600 010","Lifeline Hospitals started its healthcare journey in the year 1997 by Dr. J.S Rajkumar and Dr. Chitrakala Rajkumar, in memory of Dr. Rajarathnam (late), under the mentorship of Dr. Sankaran Formerly known as RIGID Hospital, Lifeline has been providing expert medical and surgical care for the past 25 years, dedicating themselves towards exemplary medical treatment to ensure the overall wellbeing of the community.",Hospital,https://www.google.com/maps/embed?pb=!1m18!1m12!1m3!1d124362.55160462651!2d80.15128544549657!3d13.078276639546548!2m3!1f0!2f0!3f0!3m2!1i1024!2i768!4f13.1!3m3!1m2!1s0x3a52667fb51df4c1%3A0xda54eb8cae181334!2sLifeline%20Hospitals!5e0!3m2!1sen!2sin!4v1696501612215!5m2!1sen!2sin,13.078290,80.233687,premium,true,,321,nat@llh.bz,//thelifelinehospitals.com/,//www.facebook.com/TheLifelineHospital,,//www.instagram.com/thelifelinehospitals/?hl=en,,lifeline-hospitals,2023-09-22 12:45:46+00,2025-12-29 20:27:03+00
51006c43-5899-4830-a56d-fe3681ce41c3,,Ladies PG,MSR Luxury PG for Ladies,OMR - Old Mahabalipuram Road,44,"335,339",8500.00,Month,,,0,Monday - Sunday,00:00:00,23:59:00,,,,+91 89399 91922,"[""c26820b8a4c1b3c2aa868d6d57e14a79.jpg""]",images/service/1698998789msr 2.jpg,"No. 4/239, Gangai Amman Kovil Street, Egattur, OMR, Siruseri, Opposite to Adyar Anandha Bhavan, Chennai, Tamil Nadu - 603 103","Our MSR ladies’ luxury PG Hostels and our occupants come here for facilities or because it has the best of every checklist that you can find while thinking of luxury hostels at affordable price. They do because they want to meet nice people, they like the warmth of a home, they want friendly people who genuinely take care of them. MSR PG Hostels Branch 1 and 2 Located in Siruseri, Navalur Prime area has air-conditioned rooms with free Wi-Fi, State of art facilities, and much more you expect for. The luxury PG hostel is close to several noted attractions, around a 10-minute walk from Major IT Hubs, educational institutions, Malls, transportation facilities that erases the tension of travelling time and accessibility.",A/C and Non A/C rooms with sharing,https://www.google.com/maps/embed?pb=!1m18!1m12!1m3!1d248970.29598154846!2d80.063249678125!3d12.832878900000003!2m3!1f0!2f0!3f0!3m2!1i1024!2i768!4f13.1!3m3!1m2!1s0x3a525bcacbacb7bb%3A0x88d2539a5c7a739c!2sMSR%20Luxury%20PG%20for%20Ladies%20(Hostel)!5e0!3m2!1sen!2sin!4v1698655937998!5m2!1sen!2sin,12.835234,80.227188,premium,true,,1656,msrluxurypg@gmail.com,//www.msrluxurypg.com/,//www.facebook.com/msrpgforladies/,,//www.instagram.com/msrluxurypg/,,msr-luxury-pg-for-ladies,2023-10-30 08:51:44+00,2025-12-30 01:44:02+00
51a18c40-ec4f-463d-abd1-de302f7d64ba,,"Packing,     Shifting",Student Packers & Movers,Medavakkam,19,"48,50",8700.00,Service,,,0,Monday - Sunday,00:00:00,23:59:00,,,,+91 70923 43916,"[""ecdcd675b3a4cbb5578baf72f255ec21.webp""]",images/service/1700206272stu 1.avif,"No. 4/116, 5th Street, Pallavan Nagar, Puthu Nagar, Jalladianpet, Medavakkam, Chennai, Tamil Nadu - 600 100","We, Student Packers & Movers, is a Chennai based service provider in the packing and moving industry. We render professional packing and moving services in Tamil Nadu, Andhra Pradesh, Telangana, Pondicherry, Kerala and Karnataka for all your packing and moving needs. We are creating new experience in packing and moving service with the help of our well trained professional teammates. We maintain a good bonding with our existing and new customers. We take care of your goods with utmost care by providing high-end packing and moving services, of-course at very reasonable cost.  Initially, we started this business for pocket money during our college days. Later, we found that we are more passionate in this field and decided to do the best in the market. Now, our ultimate aim is to provide hassle-free relocation experience to our society.",2 BHK shifting,https://www.google.com/maps/embed?pb=!1m18!1m12!1m3!1d3888.9226369903135!2d80.19484157510774!3d12.91269371616699!2m3!1f0!2f0!3f0!3m2!1i1024!2i768!4f13.1!3m3!1m2!1s0x3a525c1a6e315131%3A0x369a3f61ad703423!2sStudent%20Packers%20%26%20Movers!5e0!3m2!1sen!2sin!4v1696859912977!5m2!1sen!2sin,12.912689,80.197417,standard,true,,167,studentpackersmovers@gmail.com,//www.studentpacmov.com,//www.facebook.com/studentpackersmovers/,//twitter.com/PackersStudent,,,student-packers-&-movers,2023-10-03 05:37:39+00,2025-12-23 17:55:52+00
5305d6a5-ae7d-4960-871e-043486e716dd,,Neurology and Neuro Surgery,Dr. Vijay's Hospital Neuro & Multispeciality Centre,Mogappair East,29,303,400.00,Charge,,,0,Monday - Sunday,00:00:00,23:59:00,,,,+91 98407 31328,"[""50abc3e730e36b387ca8e02c26dc0a22.jpg""]",images/service/169656855820221118-article-banner-04.jpg,"No. 1, Thiruvalluvar Salai, Kongu Nagar, Mogappair East, Chennai, Tamil Nadu - 600 037","Dr. VIJAY's HOSPITAL is a leading private healthcare provider in Chennai, India. Major Dr. T. Vijay, MBBS, MD. is the Managing Director and Mr. Ananth. BE, MBA, is the Senior Managing Director. This management team is a core part of Dr. VIJAY's HOSPITAL, and it plays a key role in the success of Dr. VIJAY's HOSPITAL. We pride ourselves on delivering quality healthcare services to our patients. Our hospital has all the characteristics of a high-class hospital, with a wide range of services and specialties, as well as state-of-the-art equipment and technology. Our skilled doctors, nurses, medical & paramedical technicians and administrators are dedicated to providing complete healthcare. In addition to our comprehensive inpatient and outpatient care, we offer a range of specialized services, including pharmacy, laboratory and radiology. We also have 24/7 emergency rooms, when you need us the most.",General Consultation,https://www.google.com/maps/embed?pb=!1m18!1m12!1m3!1d3886.2122679598283!2d80.17709717510998!3d13.08572951236571!2m3!1f0!2f0!3f0!3m2!1i1024!2i768!4f13.1!3m3!1m2!1s0x3a52637e3375a10b%3A0x9864b6faace77b71!2sDR.VIJAY'S%20HOSPITAL%20-Best%20Neurologist%20In%20Chennai%20-Top%20Neurologist!5e0!3m2!1sen!2sin!4v1696857916557!5m2!1sen!2sin,,,standard,false,,22,drvijayshospital1@gmail.com,//drvijayshospital.com/appointment.php,//drvijayshospital.com/about.html,//drvijayshospital.com/about.html,,,dr.-vijay's-hospital-neuro-&-multispeciality-centre,2023-10-04 08:02:38+00,2024-06-25 11:57:30+00
53aa4007-0838-412d-9942-17ede7e8a054,,"Wedding luxury car rental,    Luxury car rental,    Caravan rental",Onroadz Car Rental,OMR - Old Mahabalipuram Road,38,250,6500.00,Charge,,,0,Monday - Sunday,06:00:00,05:59:00,,,,+91 96552 14888,"[""3683af9d6f6c06acee72992f2977f67e.jfif""]",images/service/1697457405on road.jpg,"No. 157/2D, OMR, Pattai Salai, Semmancheri, Chennai, Tamil Nadu - 600 119","Onroadz Always aiming to provide an outstanding car rental service for our valued customers, we are known for our exceptional attention to Automatic transmission cars for self-drive and manual transmission cars for self-drive, ensuring that regardless of whether you’re a local or a tourist, you have a safe way to get around. Everything we do is about giving you the freedom to discover more. Choose from our Saver, Premium or Commercial rental car service options to suit your Budget cars for self-drive and space needs. Contact us today to learn more about what would be best for you. We are best car rental company in all the major cities in Tamil Nadu, so we arrange the car rental service on your behalf. We use our massive buying power to bring you great deals. But we’re way more than a price comparison site, because we stay with you every step of the way.",Rental cars for Wedding,https://www.google.com/maps/embed?pb=!1m18!1m12!1m3!1d124422.4783131383!2d80.13412669331287!3d12.9588937004796!2m3!1f0!2f0!3f0!3m2!1i1024!2i768!4f13.1!3m3!1m2!1s0x3a525b1d9156cb43%3A0xd6bf5a86bbda2a4f!2sOnroadz%20Car%20Rental%20-%20Self%20Drive%20Cars%20in%20Chennai%20%7C%20Low%20Rent%20Self%20Driven%20Car%20Rentals%20in%20Chennai%20%7C%20Luxury%20Car%20Rental%20in%20Chennai!5e0!3m2!1sen!2sin!4v1696842018219!5m2!1sen!2sin,12.872499,80.228874,premium,true,,570,booking@onroadz.com,//onroadz.com/self-drive-cars-chennai/,//www.facebook.com/onroadzcarrental/,//twitter.com/ONROADZ1,//www.instagram.com/onroadz_cars/,//www.linkedin.com/company/onroadz/,onroadz-car-rental,2023-09-30 12:08:12+00,2025-12-27 23:19:41+00
53c16799-9dc3-447f-b49a-8c90a1765da3,,"Out station car rental,  Wedding car rental",BSR Travels,Vyasarpadi,38,252,2000.00,,,1800.00,10,Monday - Sunday,00:00:00,23:59:00,,,,+91 73056 96111,"[""d128a9569b806e3a93c91293aed3f40b.jpeg""]",images/service/16975405951697460362cooper 3.jpg,"No. R96, Muthamizh Nagar, 8th Block, MR Nagar, Kodungaiyur, Chennai, Tamil Nadu - 600 118","We at BSR Tours and Travels are new-age car rental service providers in Bangalore. We provide reliable and delightful intercity cab services in Bangalore and to outer stations like Coorg, Ooty, Mysore, Munnar, Tirupati and across South India. We have been trustfullyserving customers for the last 5 years. We have a proven business and service model for providing quality cab services that delight customers and excite them to refer us to their neighbors, friends and relatives.",,https://www.google.com/maps/embed?pb=!1m18!1m12!1m3!1d31086.008099296723!2d80.21591903657249!3d13.11495365405909!2m3!1f0!2f0!3f0!3m2!1i1024!2i768!4f13.1!3m3!1m2!1s0x3a52659ddac6b66f%3A0xfa14b07080e2dd7c!2sBSR%20TRAVELS%20%7C%20Outstation%20car%20rental%20chennai%20with%20driver!5e0!3m2!1sen!2sin!4v1696845904108!5m2!1sen!2sin,13.132707,80.251592,standard,true,,211,info@bsrtravels.com,//www.bsrtravels.com/car-rental-in-chennai-with-driver,//www.facebook.com/bsrtoursntravels,//www.facebook.com/bsrtoursntravels,,//www.linkedin.com/in/bsrtoursandtravels/,bsr-travels,2023-09-30 14:15:09+00,2025-12-12 09:38:29+00
55140508-cf1f-405f-ade6-db44217513e4,,Furniture Shifting,Swastik Packers & Movers,Nanganallur,19,48,5000.00,,,5000.00,0,Monday - Sunday,08:00:00,21:00:00,,,,+91 99620 08120,"[""84b64e537f08e81b8dea8cce972a28b2.jpg""]",images/service/1700211500sg q.webp,"No. 16/35, Anna Road, Macmillan Colony, Nanganallur, Chennai, Tamil Nadu -  600 061","Movers and Packers in Chennai (Swastik Movers and Packers) have professionally developed workers and staff to take care of all relocation needs successfully. Swastik Movers and Packers - Chennai is committed to offer relocation solutions in a way which is easier and convenient. Further, our teams of professional are always committed to provide international quality relocation solutions for each and every type of requirements. Further, our team insists upon excellence in all that we do in serving our clients.",,https://www.google.com/maps/embed?pb=!1m18!1m12!1m3!1d3887.8881157491464!2d80.18898547510862!3d12.979007314715739!2m3!1f0!2f0!3f0!3m2!1i1024!2i768!4f13.1!3m3!1m2!1s0x3a525dd35f25409b%3A0x54514aafc502570e!2sSwastik%20Packers%20%26%20Movers!5e0!3m2!1sen!2sin!4v1697526801968!5m2!1sen!2sin,12.979346,80.191643,standard,true,,107,swastikpackers@gmail.com,https://www.swastikpackers.com,,,,,swastik-packers-&-movers,2023-10-12 07:54:37+00,2025-12-08 20:50:53+00
58eb7c28-55c1-4aed-9552-3989a4296bc4,,Dance Classes,Rhythmic Beat Dance Court,Valasaravakkam,24,62,3600.00,Month,,,0,Monday - Sunday,10:00:00,22:00:00,,,,+91 99945 58603,"[""a869ccbcbd9568808b8497e28275c7c8.jpg""]",images/service/1696573653index-banner2.jpg,"No. 37, Narmatha Street, Palaniappa Nagar, Valasaravakkam, Chennai, Tamil Nadu - 600 087","Wouldn't you agree with us if we told you that dance is the most expressive form of craft known to mankind! Packed with an entourage of young happening dancers Rhythmic Beat Dance Court is the ultimate stop for all your dancing needs. It was founded by Artistic Director and Celebrity Choreographer Yuvraaj Jayakumar in the year 2004 at Rock City, Trichy. Finessing the art of entertainment and performance back home he spread his wings in Chennai with his second wing of Rhythmic Beat Dance Court. 13+ years of experience, 1000+shows, and having trained 7000+ students Rhythmic Beat Dance Court is a tribute to all those who live, love and breathe dance.",Zumba,https://www.google.com/maps/embed?pb=!1m18!1m12!1m3!1d124379.54818357372!2d80.04232431640625!3d13.044526!2m3!1f0!2f0!3f0!3m2!1i1024!2i768!4f13.1!3m3!1m2!1s0x3a52612df8c0c53d%3A0x7774ebcbce12c084!2sRhythmic%20Beat%20Dance%20Court%20~%20Dance%20Classes!5e0!3m2!1sen!2sin!4v1696859272226!5m2!1sen!2sin,13.039642,80.180406,standard,true,,86,rbdancecourt@gmail.com,//www.rbdancecourt.com/,,,,,rhythmic-beat-dance-court,2023-10-03 10:58:52+00,2025-12-28 11:22:36+00
591026cc-2f3e-4a19-a9fa-52b3b5725a1e,,Scuba Diving,Salty Bone Divers,Injambakkam,21,18,1000.00,,,900.00,10,Monday - Sunday,10:00:00,18:00:00,,,,+91 73974 49781,"[""c5a4e7e6882845ea7bb4d9462868219b.jpg""]",images/service/1696421184diving 2.webp,"No. 2/171, SH 49, Cholamandal Artists Village, Injambakkam, Chennai, Tamil Nadu - 600 115","We are a team of enthusiastic and experienced scuba diving instructors with the passion of teaching and exploring the ocean. Our dream came true when we met and decided to start a dive center in Chennai 4 years ago. Thus, Salty Bone Divers is an extension to our dream of imparting knowledge about diving and creating awareness about our ocean surroundings, marine conversation and Love for Scuba Diving.",,https://www.google.com/maps/embed?pb=!1m18!1m12!1m3!1d124398.95270330479!2d80.18893077683408!3d13.005888623493084!2m3!1f0!2f0!3f0!3m2!1i1024!2i768!4f13.1!3m3!1m2!1s0x3a53acaea3130583%3A0xe6f7f07a78c6fe55!2sSalty%20Bone%20Divers!5e0!3m2!1sen!2sin!4v1696857475427!5m2!1sen!2sin,12.925125,80.251461,standard,true,,116,contact@saltybonedivers.com,http://saltybonedivers.com/,,,https://www.instagram.com/saltybonedivers/,,salty-bone-divers,2023-10-04 12:06:24+00,2025-12-10 18:36:50+00
5a6e18b1-23be-4fc3-9cd5-581d245a18ed,,"Wedding Photography,       Couple Portraits,       Candid Photography,       Pre / Post Wedding Photography,       Videography",Zero Gravity Photography,Nungambakkam,33,"44,45,46,47",150000.00,Service,,,0,Monday - Sunday,10:00:00,19:00:00,,,,+91 98407 67566,"[""136c2f0599b3a0175c544b72e4861b9f.jpg""]",images/service/1697793951zero gravity (2).jpg,"No. 42 & 50, Josier Street, Thirumoorthy Nagar, Nungambakkam, Chennai, Tamil Nadu - 600 034","Zero Gravity Photography is considered to be the best place for visual storytelling. Our love for photography knows no bounds, and we've developed our techniques to perfection. Our photographers have a distinct artistic perspective, a recognizable signature, and a consistent quality across their work. Our main goal is to think creatively and provide exceptional customer service. And that’s why we always stay updated on the latest trends including pre-wedding photography, post-wedding photography, and couple poses. We make sure that our style of couple photography resonates with clients and leaves a lasting impression. We strive to capture images that are both visually spectacular and conceptually fascinating. Zero Gravity Photography is the best wedding photography in Chennai. Our website features an amazing showcase of our portfolio that shows our distinctive style, versatility, dedication to quality.",Standard and Premium Wedding packages,https://www.google.com/maps/embed?pb=!1m18!1m12!1m3!1d124360.43162918945!2d80.13273222563748!3d13.082480339918266!2m3!1f0!2f0!3f0!3m2!1i1024!2i768!4f13.1!3m3!1m2!1s0x3a526644fb145589%3A0xecc6216b122e39a!2sZero%20Gravity%20Photography!5e0!3m2!1sen!2sin!4v1697451777195!5m2!1sen!2sin,13.055703,80.245523,premium,true,,172,info@zerogravity.photography,//zerogravity.photography/,//www.facebook.com/zerogravitystudios/?ref=br_rs,//twitter.com/zerogravityfoto,//www.instagram.com/zerogravityphotography/,,zero-gravity-photography,2023-09-30 21:27:49+00,2025-11-23 14:33:00+00
5ab99821-3799-4c2d-ba12-058fdae762c8,,Wedding Hall,Aadith Hall A/C,T. Nagar,15,33,30000.00,Day,,,0,Monday - Sunday,09:00:00,20:00:00,,,,+91 80154 88030,"[""e19347e1c3ca0c0b97de5fb3b690855a.jpg""]",images/service/1697542370adith.jpg,"Muthurangan Road, Kannammapet, CIT Nagar, Chennai, Tamil Nadu - 600 017","Experience a celestial union of heaven and earth at AADITH  HALL, your ultimate destination for the wedding of your dreams. With unwavering delight, we craft extraordinary moments for you and your beloved, ensuring an enchanting celebration.",Birthday Party Hall,https://www.google.com/maps/embed?pb=!1m18!1m12!1m3!1d124385.63190939727!2d80.14641064465555!3d13.032424482126576!2m3!1f0!2f0!3f0!3m2!1i1024!2i768!4f13.1!3m3!1m2!1s0x3a52678912568f19%3A0x4a9f91f0b6cfe1e5!2sAadith%20Hall%20A%2FC!5e0!3m2!1sen!2sin!4v1697026603493!5m2!1sen!2sin,13.032438,80.228812,standard,true,,326,aadithhall@gmail.com,//aadithhall.com/,,,,,aadith-hall-ac,2023-10-11 12:15:54+00,2025-12-29 22:07:57+00
5b423f52-d2dd-42ef-a3ed-60b226eaea98,,"Domestic Couriers,    International Couriers,    Parcel Service",AKR Express Parcel Service,Parrys Corner,23,"39,40,59",0.00,,,,0,Monday - Sunday,09:30:00,21:00:00,,,,+91 94432 39710,"[""51f4efbfb3e18f4ea053c4d3d282c4e2.jpg""]",images/service/1697546071akr.jpg,"No. 217, Govindappa Naicken Street, Parry's Corner, George Town, Chennai, Tamil Nadu - 600 001","AKR Express Parcel Service founded in 1997 Innovators from the get-go. Basic facilities such as Overnight Operations, Door Delivery, Door Pick-up, 100% Container Vehicles, were rare in our industry back then. We steered the industry forward by implementing these facilities right from Day 01. We were also the first in the industry to introduce SMS Alerts & SMS Tracking. Ensuring the safety of your goods is among our top priorities. Periodical training and education on proper handling of the goods, 100% container bodied vehicles, well sheltered transhipment yards, quick tracing mechanism, are all implemented to help us assure a peace of mind to our customers. All our systems are designed to ensure that the transition from Booking to Delivery is seamless, swift, transparent and proactive, where our Customer wouldn’t feel the need to contact us. But when they do need to reach out to us, our efficient customer care team will promptly manage their queries.",,https://www.google.com/maps/embed?pb=!1m18!1m12!1m3!1d124385.94726305804!2d80.12698803804199!3d13.031796891476278!2m3!1f0!2f0!3f0!3m2!1i1024!2i768!4f13.1!3m3!1m2!1s0x3a526f5989e95f7f%3A0x2083353afd2a8d96!2sAKR%20Express%20Parcel%20Service!5e0!3m2!1sen!2sin!4v1697007311419!5m2!1sen!2sin,13.095860,80.282194,standard,true,,426,care@akrexpress.com,//www.akrexpress.com/,,,,,akr-express-parcel-service,2023-10-11 06:54:58+00,2025-12-29 15:11:54+00
5be67109-bffa-4902-8746-e79dd1e17272,,Dance class,Dance and Dance Academy,Anna Salai,24,"66,80",1500.00,Month,,,0,Monday - Sunday,00:00:00,23:59:00,,,,+91 98403 11014,"[""4b29fa4efe4fb7bc667c7b301b74d52d.webp""]",images/service/1696333334dance 1.jpg,"No. 714, Pathari Road, Anna Salai, Chennai, Tamil Nadu - 600 006","The Dance & Dance Company is Chennai's very own high specialized and stylized dance company which teaches all western dances in highly international standards in certified and open classes. At Chennai Dance and Dance Academy Our dance company was started in Chennai based on the young passion and dynamic of Mr. Vijay who has learnt and specialized in dancing in the United States and performed in various stage shows in an around Orange County. Dance & Dance Company has left an indelible mark on the dance landscape in Chennai. Its commitment to excellence, innovative approach, and dedication to nurturing young talent have created a lasting legacy that continues to inspire future generations of dancers.",Free style,https://www.google.com/maps/embed?pb=!1m18!1m12!1m3!1d248683.2214915423!2d79.96035410521559!3d13.119742250677232!2m3!1f0!2f0!3f0!3m2!1i1024!2i768!4f13.1!3m3!1m2!1s0x3a52664129f34d19%3A0xc281b4be135e4694!2sDance%20and%20Dance%20Academy%20-%20Zumba%20salsa%20wedding%20choreographer%20including%20corporate%20choreography!5e0!3m2!1sen!2sin!4v1696858912644!5m2!1sen!2sin,13.059036,80.256820,premium,true,,226,danceanddancestudio@gmail.com,//www.danceanddance.com/studio/,//www.facebook.com/DanceandDanceChennai,,//www.instagram.com/danceanddanceacademy/,,dance-and-dance-academy,2023-10-03 11:42:14+00,2025-12-30 08:05:04+00
610eee20-57db-418b-9aea-00ed08de55d8,,"Hair,     Body,     Face,     Spa,  Massage therapy",Oryza Day Spa & Salon,Alwarpet,22,"110,111,112,113,115,116,119,120,121,124,125",540.00,,,,0,Monday - Sunday,10:00:00,21:00:00,,,,+91 88070 17925,"[""72f67e70f6b7cdc4cc893edaddf0c4c6.jpg""]",images/service/16960987631-1.jpg,"New No. 130A, Old No. 209/A, 2nd & 3rd Floor, Saba House, Opp Crown Plaza Hotel Outer Gate, St. Mary's Road, Alwarpet, Chennai, Tamil Nadu - 600 018","Take a moment, to catch your breath. Indulge yourself in quality time with yourself. Let us caress the soul with rejuvenation treatments designed to heal, rekindle, and love.","Men, Women & Kids Hair cut and more.",https://www.google.com/maps/embed?pb=!1m18!1m12!1m3!1d3887.1053344105544!2d80.24792157420588!3d13.028963713619756!2m3!1f0!2f0!3f0!3m2!1i1024!2i768!4f13.1!3m3!1m2!1s0x3a5267b6b8f490e3%3A0x71f24a252c274e4!2sOryza%20Day%20Spa%20%26%20Salon!5e0!3m2!1sen!2sin!4v1696848766129!5m2!1sen!2sin,13.028959,80.250497,standard,true,,283,oryza.admin@gmail.com,//www.oryzadayspa.com/,//www.facebook.com/Oryza.DaySpa/,,//www.instagram.com/oryzaspaandsalon/?hl=en,,oryza-day-spa-&-salon,2023-09-30 18:32:43+00,2025-12-30 08:27:33+00
61c9a5f6-f2ac-4c52-bab6-f740b68b2629,,"Surfing,   Kayaking",Bay of Life Surf School & Ocean Literacy,Kovalam,21,"14,12",1500.00,Person,,,0,Monday - Sunday,07:00:00,19:00:00,,,,+91 99404 16396,"[""c1b70d965ca504aa751ddb62ad69c63f.jpg""]",images/service/1696424866suff1.jpg,"No. 9/9, Muthumariamman Koil Street, Kunnukadu, Kovalam, Thiruvidanthai, Tamil Nadu - 603 112","Great fun comes with great knowledge of the ocean. Bay of Life combines knowledge, Ocean science and sport in the teaching methodologies for a wholesome and proper introduction to the world of ocean sports and surfing in Chennai.","Surfing, Paddle boarding, Kayaking and Ocean swimming",https://www.google.com/maps/embed?pb=!1m18!1m12!1m3!1d3890.736634871918!2d80.24186297510623!3d12.795599618712524!2m3!1f0!2f0!3f0!3m2!1i1024!2i768!4f13.1!3m3!1m2!1s0x3a525b122d86c629%3A0x19d9883c558fa118!2sBay%20of%20Life%20Surf%20School%20%26%20Ocean%20Literacy!5e0!3m2!1sen!2sin!4v1696842762287!5m2!1sen!2sin,12.795560,80.244554,premium,true,,269,contact@bayoflife.com,//www.bayoflife.com/,,,,,bay-of-life-surf-school-&-ocean-literacy,2023-10-04 13:07:46+00,2025-12-27 09:10:50+00
637cce5f-edf6-4f0a-b405-e59a0b6a04f9,,Training,Mirror Institute For Embedded Technology (MIET),Vadapalani,32,184,50000.00,,,50000.00,0,Monday - Sunday,00:00:00,23:59:00,,,,+91 93809 48474,"[""7d3010c11d08cf990b7614d2c2ca9098.jpg""]",images/service/1696621005main-qimg-0332e5e185c8f8419627b28e5209b734.jpg,"No. 184/2, 3rd Floor, Chandamama Building, Arcot Road, Vadapalani, Chennai, Tamil Nadu - 600 026","""Skills to do comes from doing"" we ensure a complete practical exposure during their learning process, with the help of corporate people. Apart from technical skills we also concentrate on communication skills to survive in the corporate world. We are equipped in training the candidates by highly experienced industrial members. We have been teaching these things for years now and we conduct four hours per day which makes their knowledge and control over the concepts as natural as we breathe. We create a path for their innovative and creative ideas. After completion of this course the students will get placed in their suitable position.",,https://www.google.com/maps/embed?pb=!1m18!1m12!1m3!1d3886.7762728985995!2d80.2080801751095!3d13.049908013156513!2m3!1f0!2f0!3f0!3m2!1i1024!2i768!4f13.1!3m3!1m2!1s0x3a5266e816620183%3A0xab7bb26a9898d27c!2sMirror%20Institute%20For%20Embedded%20Technology%20(MIET)Embedded%20System%20Training%20Institute%20Placement%20Assured%20Embedded%20System%20Courses!5e0!3m2!1sen!2sin!4v1696859806002!5m2!1sen!2sin,13.049903,80.210655,standard,true,,93,mirrorinstitute2008@gmail.com,http://www.lastbenchindia.com/,,,,,mirror-institute-for-embedded-technology-(miet),2023-10-03 06:02:25+00,2025-12-25 11:04:14+00
64d17c8e-28c2-47da-a180-196ab5412453,,"Dance classes,   Music classes",Sa Ri Ga Ma Institute of Music & Dance,Chintadripet,24,"62,63,64,75",10000.00,,,10000.00,0,Monday - Sunday,10:00:00,21:00:00,,,,+91 98402 45459,"[""6ba3af5d7b2790e73f0de32e5c8c1798.jpg""]",images/service/1696572115b71e43_b7d77bbb263b486fba077065281ca805~mv2.jpeg,"No.15, 37, Audiyappa Street, Chintadripet, Chennai, Tamil Nadu - 600 002","Sa Ri Ga Ma institute in chintadripet was established by him with the facilities to learn Keyboard, Drums, Piano, Guitar, Veena, Vocal, classical Dance Bharatanatyam. Student at this institute is also trained to qualify various levels of examination conducted by Annamalai University & Trinity College of London. At present around 400 students are being trained in various instruments & styles.",,https://www.google.com/maps/embed?pb=!1m18!1m12!1m3!1d3886.401397690006!2d80.26464677510982!3d13.073728112630931!2m3!1f0!2f0!3f0!3m2!1i1024!2i768!4f13.1!3m3!1m2!1s0x3a526605a111676b%3A0xdfc8b80bdc3a9295!2sSa%20Ri%20Ga%20Ma%20Institute%20of%20Music%20%26%20Dance!5e0!3m2!1sen!2sin!4v1696858539873!5m2!1sen!2sin,13.073723,80.267222,premium,true,,205,info@thesarigama.in,http://thesarigama.in/,https://www.facebook.com/sarigamachennai,,,,sa-ri-ga-ma-institute-of-music-&-dance,2023-10-03 11:57:57+00,2025-12-28 11:24:18+00
678e037d-1926-4bef-9f02-c8978ba4cc7d,,Healthcare,Gleneagles Global Health city,Sholinganallur,17,90,6000.00,,true,5700.00,5,Monday - Sunday,00:00:00,23:59:00,,,,044-44777000,"[""1e7875cf32d306989d80c14308f3a099.jpg""]",images/service/1695382824gleneagle 1.jpg,"No. 439, Cheran Nagar, Perumbakkam , Sholinganallur, Chennai, Tamil Nadu - 600 100","Gleneagles Global Health City is a part of IHH Healthcare, one of the world’s largest healthcare providers. With its full spectrum of integrated services, dedicated people, reach and scale, and commitment to quality and safety, IHH aspires to be the world’s most trusted healthcare services network, united by a single purpose: to touch lives and transform care.",Hospital,https://www.google.com/maps/embed?pb=!1m18!1m12!1m3!1d124416.20471862385!2d80.12432629354149!3d12.97144223880863!2m3!1f0!2f0!3f0!3m2!1i1024!2i768!4f13.1!3m3!1m2!1s0x3a525c0a673ba10f%3A0xcba7fa2ab4f51143!2sGleneagles%20Global%20Health%20City%20I%20Best%20Multi%20Speciality%20Hospital%20in%20Chennai!5e0!3m2!1sen!2sin!4v1696500451443!5m2!1sen!2sin,12.897849,80.206184,premium,true,,186,communication.chn@globalhospitalsindia.com,//gleneaglesglobalhealthcitychennai.com/,//www.facebook.com/Gleneagles-Global-Health-City-Chennai-Perumbakkam-362646381016822/,,//www.instagram.com/gleneaglesglobalhealthcity/,,gleneagles-global-health-city,2023-09-22 11:40:24+00,2025-12-28 11:14:23+00
68ffa521-2c43-440d-b992-f10f159fc896,,"Express Parcels,    International Shipments,    Integrated E-Commerce logistics",DTDC Courier & Cargo Ltd,Egmore,23,"39,40",0.00,,,,0,Monday - Sunday,10:00:00,20:00:00,,,,+91 82487 46443,"[""fc2022c89b61c76bbef978f1370660bf.webp""]",images/service/1696243000dtdc11.jpg,"No. 47, Narayana Naicken Street, Pudupet, Komaleeswaranpet, Egmore, Chennai, Tamil Nadu - 600 002","We are one of India’s leading integrated express logistics providers, operating the largest physical network of customer access points in the country. We offer a comprehensive range of technology-enabled logistics solutions to serve a wide spectrum of customers across diverse industry verticals. We commenced operations in 1990 and were the first express logistics company in India to implement a network of entrepreneurs (Channel Partners) that operate DTDC branded Customer Access Points. Our Channel Partners support us in building relationships, generating business and providing services to customers. Today, the DTDC brand has transformed from a home-grown courier, express and parcel company to a widely recognized express logistics player offering a wide range of integrated delivery solutions to retail customers and businesses. Our solutions range from traditional pick-up and delivery to integrated warehousing and order fulfillment allowing our customer optimize for time sensitivity and cost effectiveness.",,https://www.google.com/maps/embed?pb=!1m18!1m12!1m3!1d31091.55812937264!2d80.23073487910158!3d13.070974599999998!2m3!1f0!2f0!3f0!3m2!1i1024!2i768!4f13.1!3m3!1m2!1s0x3a52660ffb6cb373%3A0x6fab13f207907391!2sDTDC%20Courier%20%26%20Cargo%20Ltd!5e0!3m2!1sen!2sin!4v1696860771907!5m2!1sen!2sin,13.070975,80.265754,premium,true,,191,customersupport@dtdc.com,//www.dtdc.in/,//www.facebook.com/DTDC.Official,//twitter.com/DTDCIndia,//www.instagram.com/dtdc.official/,,dtdc-courier-&-cargo-ltd,2023-10-02 10:36:40+00,2025-12-28 10:48:10+00
6a4add91-9f1e-4ea7-94a3-b4dc15147936,,Self-drive car rental,Indusgo Rent a Car,Velachery,38,252,1600.00,Charge,,,0,Monday - Sunday,06:00:00,05:00:00,,,,+91 95395 80000,"[""d2350a54d774001d6078e326b4488878.webp""]",images/service/1696837720indusgo.jpg,"No. 252, 4th Street, Sarathy Nagar, Velachery, Chennai, Tamil Nadu - 600 042","Indusgo is an exclusive car rental service from the house of Indus Motors, the No.1 Maruti Dealership in India. IndusGo offers a wide range of Hatchbacks, Sedans, SUVs & Luxury cars like Maruti Wagon-R, Maruti Celerio, Toyota Liva, Maruti Swift, Honda City, Ford Ecosport, and Toyota Crysta. You can choose a free Kilometers package of 120 Kms, 240 Kms, and 480 Kms as per your convenience. You can choose the package with or without fuel charges.",Out station Rental cars,,12.975176,80.221506,premium,true,,831,support@indusgo.in,//www.indusgo.in/tamilnadu/chennai,//www.facebook.com/indusgo?mibextid=ZbWKwL,//www.twitter.com/indusgoin,//www.instagram.com/indusgo.in/?igshid=YmMyMTA2M2Y%3D,,indusgo-rent-a-car,2023-09-30 11:36:08+00,2025-12-29 05:31:45+00
6e51dc9e-8ec0-49fd-af58-3383cd7954ff,,"Import,     Export and Business Solutions",DHL Express (India) Pvt. Ltd,Guindy,23,"39,40,59",0.00,,,,0,Monday - Saturday,09:00:00,21:00:00,,,,044-66221500,"[""299fb2142d7de959380f91c01c3a293c.jpg""]",images/service/1697545886dhl.jpg,"No. 12B, Industrial Estate 3rd Cross Street, Behind Olympia Tech Park, South Phase, SIDCO Industrial Estate, Guindy, Chennai, Tamil Nadu - 600 032","Dalsey, Larry Hillblom and Robert Lynn founded DHL in 1969, they didn’t know they would revolutionize the world of logistics. Today, DHL is the world’s leading logistics company. Our 380,000 people in over 220 countries and territories work every day to help you cross borders, reach new markets and grow your business. Or simply send a letter to your loved ones.",,https://www.google.com/maps/embed?pb=!1m18!1m12!1m3!1d3887.311568411009!2d80.20030489895692!3d13.015820328736716!2m3!1f0!2f0!3f0!3m2!1i1024!2i768!4f13.1!3m3!1m2!1s0x3a5267390f896e25%3A0xc56444a1842ae86b!2sDHL%20Express%20(India)%20Pvt.%20Ltd!5e0!3m2!1sen!2sin!4v1696242351823!5m2!1sen!2sin,13.015818,80.200305,premium,true,,320,dhlexpress@gmail.com,//mydhl.express.dhl/in/en/home.html#/createNewShipmentTab,//www.facebook.com/DHLExpressIndia,//twitter.com/dhlexpressindia,//www.instagram.com/dhlexpressindia/,,dhl-express-(india)-pvt.-ltd,2023-10-02 10:25:30+00,2025-12-17 23:18:44+00
6f71ea0e-2cc9-4c07-97b2-33fb40532233,,"Spa,  Skin care,  Body care,  Unisex hair care,  Pre and Post bridal care",Suave Salon,Alwarpet,22,"110,111",450.00,Charge,,,0,Monday - Sunday,10:00:00,20:30:00,,,,+91 72004 59485,"[""e36258b3c74f08054a974a5fe1703f9c.avif""]",images/service/1696849207suave 2.jpg,"No. 65, 1st Floor, A-1, CP Ramaswamy Street, Abiramapuram, Chennai, Tamil Nadu - 600 018","Suave - A Unisex Salon & Spa” for your entire family is located in Alwarpet, Chennai. Set up with international standard & modern hygiene we at Suave, use only quality products and state-of-the-art equipment that ensure the best treatment for our customers. Relax, detoxify and savor a profound sense of inner calm, our efforts are ever focused towards customer satisfaction. At suave we provide holistic experience, and our professionally trained therapists ensure that you receive the treatment best appropriate for your specific needs.",Hair cut : Women - 450,https://www.google.com/maps/embed?pb=!1m18!1m12!1m3!1d62200.86848763815!2d80.18804947385307!3d13.000335453162013!2m3!1f0!2f0!3f0!3m2!1i1024!2i768!4f13.1!3m3!1m2!1s0x3a525d49f4e7d89b%3A0xe19ed3f41d63af06!2sSuave%20Salon%20%7C%20Wellness%20in%20Chennai%20%7C%20Neelankarai!5e0!3m2!1sen!2sin!4v1696849228388!5m2!1sen!2sin,13.030858,80.256477,standard,true,,131,contact@suavewellness.com,//suavewellness.com/,//www.facebook.com/Suavesalonspa/,,//www.instagram.com/suavesalonspa/?hl=en,,suave-salon,2023-09-30 18:43:43+00,2025-12-16 21:31:04+00
6fba97a9-c544-4b28-9254-145d152ad2d5,,"Mac,       Switch,       Xbox,   PC games,   Playstation 4",Klasse Entertainment,Kilpauk,26,"205,210",120.00,Charge,,,0,Monday - Sunday,11:00:00,23:00:00,,,,+91 99629 62961,"[""3b2d8f129ae2f408f2153cd9ce663043.jpg""]",images/service/1696835682klasse 1.jpg,"No. 3/2, 9th Street, 1st floor, A K Swamy Nagar, Kilpauk, Chennai, Tamil Nadu - 600 010",Our main focus is to provide the best entertainment possible for our players. We place key emphasis on creating games that are of a high quality in every way possible.,Entry free,https://www.google.com/maps/embed?pb=!1m18!1m12!1m3!1d62184.24116621948!2d80.18073382415056!3d13.066509537794104!2m3!1f0!2f0!3f0!3m2!1i1024!2i768!4f13.1!3m3!1m2!1s0x3a5265d067587619%3A0x7a675d2f7c8a5031!2sKlasse%20Entertainment!5e0!3m2!1sen!2sin!4v1696834853311!5m2!1sen!2sin,13.090011,80.241869,premium,true,,189,klassegodofwar@gmail.com,//klasseentertainment.com/,//www.facebook.com/klasseentertainment,,//instagram.com/klasseentertainment,,klasse-entertainment,2023-09-30 06:23:22+00,2025-12-22 19:58:00+00
703b7b8b-48b1-4929-8e59-75abe99d2f1e,,"Food,   Cocktails",Urban Lounge,Sholinganallur,36,43,2000.00,,,1500.00,25,Monday - Sunday,11:00:00,00:00:00,,,,044-46509000,"[""cefb500a9f3d05511296a719cffb21cf.jpg""]",images/service/1696591365urban 1.jpg,"No. 286, Rajiv Gandhi Salai, Elcot Sez, Sholinganallur, Chennai, Tamil Nadu - 600 119","A renowned business group that emerged as successful builders and has been traveling in this victorious path since a decade. Besides promoting many prestigious residential apartments and complex projects, we ventured into hotels in January 2009 under the parent and flagship company Balachandra Hotels Pvt. Ltd., built over the years for the assured and sustained commitment to quality and exceptional guest services.",,https://www.google.com/maps/embed?pb=!1m18!1m12!1m3!1d124413.90752614476!2d80.13412669362518!3d12.976034134538482!2m3!1f0!2f0!3f0!3m2!1i1024!2i768!4f13.1!3m3!1m2!1s0x3a525c6339706e31%3A0x72a9f170552bea0c!2sUrban%20Lounge!5e0!3m2!1sen!2sin!4v1696591489009!5m2!1sen!2sin,12.910651,80.228549,standard,true,,134,mail@hotelcentrepoint.co.in,https://www.hotelcentrepoint.co.in/urban-lounge.html,https://www.facebook.com/The-centre-point-144029975760058/,https://twitter.com/CentrePoint1231,https://www.instagram.com/thecentrepoint/?hl=en,,urban-lounge,2023-09-29 17:44:08+00,2025-09-26 03:52:24+00
70d5a7dc-9c59-4048-b76a-f4a73ae78aa1,,"Households Shifting,     Vehicles Shifting",Aditi Packers and Movers,Choolaimedu,19,"49,50",16000.00,Service,,,0,Monday - Sunday,08:00:00,22:00:00,,,,+91 70928 93989,"[""15825aee15eb335cc13f9b559f166ee8.jpg"",""aec851e565646f6835e915293381e20a.jpg"",""16837163fee34175358a47e0b51485ff.jpg"",""aac933717a429f57c6ca58f32975c597.jpg""]",images/service/1700206142new 4.jpg,"No. 1/1, Wahab Street, Gangai Amman street, Sriramapuram, Choolaimedu, Chennai, Tamil Nadu - 600 094","With the goal of making relocation easy and stress-free for you, we offer a fast and reliable removal service for our valued clients. At Moving and Packing Expert, no job is difficult for us. Whether you need help in transferring furniture or electrical appliances, we are the people for the job. We have the resources and the staff to get your belongings where you need them to be.",2 BHK Shifting,https://www.google.com/maps/embed?pb=!1m18!1m12!1m3!1d124370.65364377708!2d80.14756854520134!3d13.062198854473177!2m3!1f0!2f0!3f0!3m2!1i1024!2i768!4f13.1!3m3!1m2!1s0x3a5267680e630151%3A0xaff3aa7eeb333d19!2sAditi%20Packers%20and%20Movers%20Chennai!5e0!3m2!1sen!2sin!4v1697183770935!5m2!1sen!2sin,13.062212,80.229970,premium,true,,247,madhavan4224@gmail.com,//www.aditipackerschennai.in/,//www.aditipackerschennai.in/contact.html,,//www.aditipackerschennai.in/contact.html,,aditi-packers-and-movers,2023-10-13 07:53:59+00,2025-12-01 07:27:55+00
7117c05b-5b86-4dba-bac0-931293bb3f0c,,Shifting,Royal Cargo Packers & Movers,Poonamallee,19,"48,50",12000.00,Service,,,0,Monday - Sunday,09:00:00,21:00:00,,,,+91 95000 14501,"[""d5438e589313fc0036bbc291299c6fd4.jpeg""]",images/service/1696792858istockphoto-1420043506-170667a.jpeg,"No. 27, 2nd Main Road, 6th Street, Shakthi Garden, Phase 3 Senneerkuppam, Poonamallee, Chennai, Tamil Nadu - 600 056","Royal Cargo Packers and Movers is one of the leading relocation services in India. We are situated in Chennai, but we cover the entire country. Chennai is a busy city of India where more than 4.9 million people are living. House and corporate relocation is in high demand in Chennai. Royal Cargo Packers and Movers is a reliable destination where you can find a wide range of services, including home relocation, office shifting, corporate shifting, packing and moving, car and bike transportation and warehouse storage solution. Royal Cargo Packers and Movers is an experienced packing and moving company in India. With years of experience, we can provide tailor-made solutions for your packing and moving needs. Royal Cargo Packers and Movers has experienced constant growth with the customers and your feedback can strengthen our business. We can provide various services from local relocation to office cargo shifting, and we can also help you with your industrial shifting needs.",2 BHK Shifting,https://www.google.com/maps/embed?pb=!1m18!1m12!1m3!1d3886.5791372251065!2d80.11454727510962!3d13.062439612880143!2m3!1f0!2f0!3f0!3m2!1i1024!2i768!4f13.1!3m3!1m2!1s0x3a5261db878f06dd%3A0x77058841ca296aae!2sRoyal%20Cargo%20Packers%20%26%20Movers!5e0!3m2!1sen!2sin!4v1696859866581!5m2!1sen!2sin,13.062434,80.117122,premium,true,,287,info@royalcargopackersmovers.in,//www.royalcargopackersmovers.in/,,,,,royal-cargo-packers-&-movers,2023-10-03 05:45:38+00,2025-12-16 19:17:49+00
72edf5e5-5216-4adf-a1ee-1578cd65443d,,Healthcare,Dr. Kamakshi Memorial Hospital,Pallikaranai,17,"86,90",2700.00,,,2600.00,4,Monday - Friday,00:00:00,23:59:00,,,,044-66300300,"[""74c4481c34e417ac39d1de6b4f854c4f.webp""]",images/service/1695381627kamakshi 1.jpg,"No. 1, Radial Road, Pallikaranai, Chennai - 600 100","Dr. Kamakshi Memorial Hospital is a nationally recognized forerunner and one of the premier institutions in providing Cancer and Cardiac care. Dr. Kamakshi Memorial Hospital houses highly educated scholars across all the specialties who are globally trained, equipped with advanced technology and infrastructure to deliver holistic medical service across the clock, around the year.",Hospital,https://www.google.com/maps/embed?pb=!1m18!1m12!1m3!1d3888.3561873735052!2d80.20646667420453!3d12.949044915374142!2m3!1f0!2f0!3f0!3m2!1i1024!2i768!4f13.1!3m3!1m2!1s0x3a525dc9fa00ce73%3A0xa1d64b4ac0d7b08b!2sDR.KAMAKSHI%20MEMORIAL%20HOSPITALS!5e0!3m2!1sen!2sin!4v1696500251661!5m2!1sen!2sin,12.949041,80.208950,premium,true,,195,info@drkmh.com,//www.drkmh.com/,//www.facebook.com/DRKAMAKSHIMEMORIALHOSPITAL/,//twitter.com/drkmhpvtltd,//www.instagram.com/dr.kamakshimemorialhospital/,,dr-kamakshi-memorial-hospital,2023-09-22 11:20:27+00,2025-12-29 20:42:15+00
75388d57-5782-4754-94f2-f288ad0312e6,,International Courier Service,Jas Air Express International Courier,Medavakkam,23,39,0.00,,,,0,Monday - Sunday,01:00:00,23:59:00,,,,+91 72004 24241,"[""2dfbd2f04b3ac1f6441719a9f1f40f38.jpeg""]",images/service/1696793876Professional-Courier.jpeg,"New No. 23, Old. No 10, Devanathan Street, Jeth Nagar, Mandaveli, Chennai, Tamil Nadu - 600 028","Jas Air Express International Courier is fast courier services and free pick-up and delivery in your location. It's convenient to people and will save time and money. Jas Air Express International Courier is one roof for International and Domestic Courier Services. International Courier Services are forwarding by Air and Sea and Domestic Courier Services are forwarding by Air, Rail and Road. Our mission is to exceed customer's expectations through integrity, quality, value and service. With more than 10 years of experience in the Courier industry we maintain and encourage the highest standards establishing trusting long term relationships with customers. We are committed to give assistance and Specialized services in preparing paper works for customs purpose and Packing. We are situated in the gate way of the city having qualified and trained staff to handle and Provide right solutions for your shipment at your doorstep.",,https://www.google.com/maps/embed?pb=!1m18!1m12!1m3!1d3887.121973190427!2d80.26145959999998!3d13.027903800000015!2m3!1f0!2f0!3f0!3m2!1i1024!2i768!4f13.1!3m3!1m2!1s0x3a526789816c1753%3A0x719516f1410f52ea!2sThe%20International%20Courier%20Services!5e0!3m2!1sen!2sin!4v1696247892215!5m2!1sen!2sin,,,premium,false,,140,theinternationalcouriers@gmail.com,//theinternationalcouriers.com/,//www.facebook.com/omsaiinternationalcourier/,//theinternationalcouriers.com/services.html,,,jas-air-express-international-courier,2023-10-02 11:57:45+00,2024-06-25 11:36:27+00
773c56ee-80c6-4e9d-9ce1-119a7f535106,,"Western Dance,    Bharathanatyam,    Aerobics,    Gymnastics Training",LEG Lockerzz DANCE Company,Anna Nagar,24,"64,80",3200.00,,,3200.00,0,Monday - Sunday,00:00:00,23:59:00,,,,+91 96000 51289,"[""7a9a322cbe0d06a98667fdc5160dc6f8.jpeg""]",images/service/1696573350bachata-index.jpg,"No. 16, 40th street, TVS Colony, Anna Nagar, Chennai, Tamil Nadu - 600 101",LEG Lockerzz DANCE Company,,https://www.google.com/maps/embed?pb=!1m18!1m12!1m3!1d15544.54819570246!2d80.17277073955078!3d13.090499600000001!2m3!1f0!2f0!3f0!3m2!1i1024!2i768!4f13.1!3m3!1m2!1s0x3a526407d34e9a4f%3A0xc1ad47e5641d451d!2sLeg%20Lockerzz%20Dance%20Company!5e0!3m2!1sen!2sin!4v1696859036152!5m2!1sen!2sin,,,standard,true,,127,choreographerbhuvan@gmail.com,,https://www.facebook.com/Leglockerzz/,,,,leg-lockerzz-dance-company,2023-10-03 11:23:00+00,2025-12-28 11:18:06+00
78ec8bd4-1c43-40ec-96a6-9321cd4365d7,,"Residential,      Retail,      Commercial,      Hospitality",Appaswamy Real Estate,T. Nagar,42,"280,281,285,287,289,290",45000.00,,,40000.00,11,Monday - Sunday,10:00:00,19:00:00,,,,044-24346333,"[""2327fdecafc97928d5ba62af00a05704.jpg""]",images/service/1697443233real 1.jpg,"No. 3, Mangesh Street, T.Nagar, Chennai, Tamil Nadu - 600 017","Founded in 1959 by a visionary entrepreneur, Mr. S Appaswamy, Appaswamy Real Estates is an eminent real estate conglomerate and one of the leading builders in Chennai. We are constantly expanding our footprint with exquisite dwellings and elevated lifestyle solutions in our apartments in Chennai. Our clientele spans thousands of happy residents and families in this beloved city. From residences that can be appreciated by the burgeoning upper middle class to extravagant luxury homes in Chennai that are akin to castles in the air, we’ve done it all over our 60 years in the real estate industry. Our Founder, Mr. Appaswamy is widely credited to have introduced the “Apartment Culture” in Chennai by being one of the first to offer elegantly designed residences. Additionally, we were the builders in Chennai to pioneer the concept of creating townships in key suburban locations through the urban development model – one that is now replicated by many others. Our vision is to identify and develop properties in Chennai that inspire and integrate value creation, impeccable quality, modernity and excellence. We aim to continue fostering an everlasting bond of customer relationship built on trust, confidence and delight while adhering to principles of ethics and professionalism.",,https://www.google.com/maps/embed?pb=!1m18!1m12!1m3!1d31095.43884723374!2d80.19425076127408!3d13.04013678600097!2m3!1f0!2f0!3f0!3m2!1i1024!2i768!4f13.1!3m3!1m2!1s0x3a5266ff2f8e95db%3A0xb4385ec829f9dcb1!2sAppaswamy%20Real%20Estates%20Ltd!5e0!3m2!1sen!2sin!4v1696849887568!5m2!1sen!2sin,13.039726,80.231300,standard,false,,84,info@appaswamy.com,https://appaswamy.com,https://www.facebook.com/appaswamyrealestates/,,https://www.instagram.com/appaswamy_realestates/,https://www.linkedin.com/company/appaswamy-real-estates-ltd/,appaswamy-real-estate,2023-09-30 19:00:05+00,2025-03-29 10:38:44+00
7bfc070c-9390-417a-8562-4a19665109b8,,"Workshops,  Play gym,  Kids birthday party,  Space for wheels,  Events and school picnics",Kartwheel - Kids Play & Party Zone,Adyar,26,204,300.00,Person,,,0,Monday - Sunday,11:00:00,20:00:00,,,,044-42660909,"[""688f3fe72241429902623b790f15a774.jpg""]",images/service/1696594863kart.jpg,"New No. 21, Old No. 9, Balaraman Street, Baktavatsalam Nagar, Adyar, Chennai, Tamil Nadu - 600 020","Kartwheel is one of the largest play gyms in Chennai. Set in a sprawling 5500 sq ft of area in the heart of the city, these kids play zone is sure to give you and your kids a memorable experience every time.",Entry fee,https://www.google.com/maps/embed?pb=!1m18!1m12!1m3!1d62194.963650140635!2d80.18572167395872!3d13.023873597693651!2m3!1f0!2f0!3f0!3m2!1i1024!2i768!4f13.1!3m3!1m2!1s0x3a52665f929f6ced%3A0xc44fa2982af06483!2sKartwheel%20-%20Kids%20Play%20%26%20Party%20Zone!5e0!3m2!1sen!2sin!4v1696595544442!5m2!1sen!2sin,13.002386,80.255197,standard,true,,829,kartwheelindia@gmail.com,//www.kartwheel.in/,//www.kartwheel.in/facebook.com/kartwheelplaygym,,,,kartwheel---kids-play-&-party-zone,2023-09-29 18:39:28+00,2025-12-20 09:04:09+00
7ccedfd1-cff1-4dce-9817-b752cac8a43c,,Wedding Hall,Shyamala hall,West Mambalam,15,33,115000.00,,,,0,Monday - Sunday,08:00:00,20:00:00,,,,+91 91500 04978,"[""6ee69d3769e832ec77c9584e0b7ba112.jpg""]",images/service/1697543533shyamala 1 (2).jpg,"No. 24, Srinivasa Iyer Street, West Mambalam, Chennai, Tamil Nadu - 600 033","Shyamala hall is a perfect venue for creating beautiful memories. Located in the heart of the city in West Mambalam, your guest will be able to approach the venue with ease. Whether you are planning to create memories for a small intimate event or one with a larger gathering, you cant go wrong with Shyamala hall as your venue.",,https://www.google.com/maps/embed?pb=!1m18!1m12!1m3!1d124381.1375918884!2d80.1378824448193!3d13.041365473821019!2m3!1f0!2f0!3f0!3m2!1i1024!2i768!4f13.1!3m3!1m2!1s0x3a52679d0b2a93a3%3A0x7c37cc589f43703b!2sShyamala%20hall!5e0!3m2!1sen!2sin!4v1697029741235!5m2!1sen!2sin,13.041379,80.220284,standard,true,,293,shyamalahall@gmail.com,//shyamalahall.com/,//www.facebook.com/shyamalahall,,//www.instagram.com/shyamalahall/,,shyamala-hall,2023-10-11 13:08:38+00,2025-12-25 09:57:58+00
7d5704ff-efd9-41f7-908b-a77ae3252c17,,"Bank,    SSC,    Railways,    Tnpsc",Veranda RACE,T. Nagar,32,"139,145",20000.00,Year,,,0,Monday - Saturday,08:00:00,20:00:00,Sunday,09:00:00,17:00:00,+91 90433 03030,"[""2bc8ae25856bc2a6a1333d1331a3b7a6.jpeg"",""99c83c904d0d64fbef50d919a5c66a80.jpg"",""82965d4ed8150294d4330ace00821d77.jpg"",""38220e6a22eec2e5e3d21001f7d859df.jpg""]",images/service/1697272361race dis.JPG,"No. 1, South Usman Road, Opposite to T. Nagar Bus Stand, T. Nagar, Chennai, Tamil Nadu - 600 017","In ancient times, every house had a 'thinnai' or a veranda which was an outward extended platform in front of the house. It was here the children had their first lessons. That inspiration has carried us from strength to strength and today Veranda Learning has transformed into a digital learning company offering a multitude of career-defining courses. All these courses are offered through Veranda Race Learning Solutions Private Limited and Veranda CA Learning Solutions Private Limited which are 100% subsidiary companies of Veranda Learning Solutions Private Limited.",TNPSC,https://www.google.com/maps/embed?pb=!1m18!1m12!1m3!1d124384.44762572249!2d80.1479841446987!3d13.034781079937337!2m3!1f0!2f0!3f0!3m2!1i1024!2i768!4f13.1!3m3!1m2!1s0x3a5267000364f931%3A0x13a4557caa089c11!2sVeranda%20RACE%20Bank%2C%20SSC%2C%20Railways%20%26%20Govt%20Exam%20Coaching%20Centre%20-%20T%20Nagar%20Admission%20Office!5e0!3m2!1sen!2sin!4v1697272381731!5m2!1sen!2sin,13.034794,80.230386,premium,true,,1676,support@verandaias.com,//veranda.raceinstitute.in/,//www.facebook.com/Veranda-Learning-106978881138076/,//mobile.twitter.com/verandalearning,//www.instagram.com/verandalearning/,//in.linkedin.com/company/veranda-learning,veranda-race,2023-10-14 08:32:41+00,2025-12-30 00:04:30+00
7e42c445-224c-47bc-a4ae-072f365515d6,,Hostel for Men,Kings Cross Men's Hostel,Nungambakkam,44,334,9000.00,,,9000.00,0,Monday - Sunday,00:00:00,23:59:00,,,,+91 95665 30757,"[""8a0cd50ecce34cfd150d3d512ccf42cf.jpg""]",images/service/16986598901650623895_cfdd5cf3dd58fc5fd4bf.jpeg,"No. 9, Jagannathan Street, Near Star Vijay Television, Nungambakkam, Chennai, Tamil Nadu - 600 034","We are a professional hostel for Students & Working Men's in Chennai in the close vicinity of many Men's colleges, Coaching Institutions and IT companies. Kings Cross Hostel is a pioneer in providing quality accommodation for Working Men's and college pursuing students in and around Chennai at an affordable cost. One of our unique features is that we have various accommodation plans that will suit your needs irrespective of what your budget is. Our facilities includes TV, A/C Rooms & Non – A/C Rooms, Separate Study Areas, Geyser, RO Drinking water, Washing Machines, Dry cleaning services, High quality veg food etc.",,https://www.google.com/maps/embed?pb=!1m18!1m12!1m3!1d124371.33493776129!2d80.09225269726562!3d13.060846000000014!2m3!1f0!2f0!3f0!3m2!1i1024!2i768!4f13.1!3m3!1m2!1s0x3a526668468e7023%3A0xc6ee107e3327fe04!2sKings%20Cross%20Men's%20Hostel!5e0!3m2!1sen!2sin!4v1698659957271!5m2!1sen!2sin,13.060846,80.244688,standard,true,,82,kingscrosshostel@gmail.com,http://kingscrosshostels.in/,,,,,kings-cross-men's-hostel,2023-10-30 09:58:10+00,2025-12-18 01:29:45+00
7ffbd1f4-8215-4eaf-bf60-90ec41e87027,,"Commercial,      Residential,      Industrial,      Apartments,      Villa,      Home",Puravankara Limited,Triplicane,42,"280,281,282,287,289,290",50000.00,,,45000.00,10,Monday - Friday,09:00:00,18:00:00,,,,+91 80434 39710,"[""e354fd90b2d5c777bfec87a352a18976.jpeg""]",images/service/1697443530real 5.webp,"No. 33, 2nd Street, Puravankara Limited, South Beach Avenue, MRC Nagar, RA Puram, Chennai, Tamil Nadu - 600 028","Puravankara Limited is one of India's most admired and trusted real estate players headquartered in Bengaluru. Founded in 1975, the company has a sterling legacy of building high-quality homes delivered on time with transparency over the past 48 years. The company, so far, has launched three prominent brands on the real estate map. Puravankara is recognised for its state-of-the-art luxury and theme-based projects reflecting future homes with innovative technology. Provident Housing Ltd. (a wholly owned subsidiary of Puravankara) was launched in 2008 to meet the aspirations of mid-income homeowners. Purva Land as a brand was established in 2021 to cater to the evolving needs of homebuyers and offer a highly lucrative investment opportunity through plotted development. Besides these residential brands, Starworth Infrastructure and Construction Limited (SICL) is a wholly-owned subsidiary focused on technology-enabled construction solutions. The company also has an established presence in commercial office spaces. Puravankara Group has a presence in Bengaluru, Chennai, Hyderabad, Pune, Mumbai, Kochi, Goa, Kolkata, Coimbatore, and Mangalore. The company was one of the first developers in India to secure FDI in real estate. The company has exponentially grown and has successfully delivered 80+ residential and commercial projects measuring a whopping 45 million square feet! The company has a land bank of over 56 million square feet and currently has 18,000+ homes with a total area of over 24.14 million square feet under development. Puravankara has been recognized with hundreds of credible awards and accolades, which include- e4m Pride of India – The Best of Bharat Awards 2022 – Puravankara Ltd., 12th Realty+ Excellence Awards 2021 - Best Themed Project of the Year – Purva Emerald Bay, 13th Annual Estate Awards 2021– Developer of the Year – Residential (South) – Puravankara Ltd., India Property Awards 2021- Real Estate Thought Leader of the Year 2021- Ashish Puravankara, Women in Corporate Awards 2019- recognized among the top 20 for Innovation - Amanda Puravankara and the Lifetime Achievement Award by CREDAI Karnataka 2023 for our Chairman Ravi Puravankara.",,https://www.google.com/maps/embed?pb=!1m18!1m12!1m3!1d995486.0071875054!2d78.28518172605395!3d12.93230623299335!2m3!1f0!2f0!3f0!3m2!1i1024!2i768!4f13.1!3m3!1m2!1s0x3a5267a37d83358f%3A0x4e99e44c6f135176!2sPuravankara%20Limited!5e0!3m2!1sen!2sin!4v1696876683572!5m2!1sen!2sin,13.020084,80.270349,premium,false,,164,sales@puravankara.com,https://www.puravankara.com/residential-projects-chennai/,https://www.facebook.com/Puravankara/,https://twitter.com/puravankara,https://www.instagram.com/puravankara_official/?hl=en,https://in.linkedin.com/company/puravankara,puravankara-limited,2023-09-30 19:56:18+00,2025-12-09 03:58:37+00
81063d33-b6e4-41b4-acfa-c5db99cfac5b,,"Engagement,     Wedding,     Birthday,     Fashion Portraits,     Corporate Portraits,     Family Portraits,     Alliance Portraits,     Business Portraits",Foto Zone,Chetpet,33,"44,45,46,47",55000.00,,,50000.00,9,Monday - Saturday,10:00:00,20:30:00,,,,+91 72999 90286,"[""626fbe83f8c7f2670b90a773b6dbf17c.jpg""]",images/service/1697793853foto zone.jpeg,"No. 31, Spur Tank Road, M.S. Nagar, Mukta Gardens, Chetpet, Chennai, Tamil Nadu - 600 031","FOTOZONE STUDIO – A human life is made up of many moments and memories. How many of them stay in your mind? Photographs are a boon to humanity, to look back fondly at moments that you first experienced, right from baby steps to armchair moments. Foto Zone Photo Studio is there with you. We are experts at making fleeting moments into immortal memories. Sail through life with Foto Zone’s vivid and complete portraits and videography.",,https://www.google.com/maps/embed?pb=!1m18!1m12!1m3!1d3886.431120932861!2d80.24829237420653!3d13.071841012674437!2m3!1f0!2f0!3f0!3m2!1i1024!2i768!4f13.1!3m3!1m2!1s0x3a52667a55555557%3A0xd9438d52704ae4e!2sFoto%20Zone!5e0!3m2!1sen!2sin!4v1697452771994!5m2!1sen!2sin,13.071836,80.250867,premium,true,,170,admin@fotozoneindia.com,https://fotozoneindia.com,https://www.facebook.com/fotozonebysanthoshraj,https://twitter.com/fotozoneindia,https://www.instagram.com/fotozone_by_santhoshra/,https://www.linkedin.com/company/fotozone-india/,foto-zone,2023-09-30 21:39:01+00,2025-12-11 20:13:23+00
811d2ded-a22e-464a-8662-dc5a8af89e81,,Gym,Flame Fitness Studio,T. Nagar,28,266,2500.00,Month,,,0,Monday - Saturday,06:30:00,21:30:00,,,,+91 63699 11594,"[""3eb2f1a06667bfb9daba7f7effa0284b.jpg""]",images/service/1695725116flame fitness 1.webp,"No. 6/69, Thirumalai Pillai Road, Dharmapuram, T. Nagar, Chennai, Tamil Nadu - 600 017","The FLAME FITNESS STUDIO was conceived by fitness specialists who have been working in this field for more than ten years apiece. Flame Fitness Studio was established in July of 2010, and it provides one of the most impressive gym facilities, as well as aerobics and dance programmes. The Flame Fitness Studio contains a huge gymnasium that is 2,000 square feet in size and is equipped with world-class equipment that includes both cardiovascular and strength training machines. The studio spans an area of three thousand square feet. In order to encourage you to sweat away your stress, there is a separate part for aerobics and dancing that spans an area of 800 square feet. This portion features a breeze and a rocking environment.","Overall Fitness :  Month - 2500, Quarter - 5000, Annual - 9999",https://www.google.com/maps/embed?pb=!1m18!1m12!1m3!1d3886.7496260784064!2d80.2404875!3d13.051602599999997!2m3!1f0!2f0!3f0!3m2!1i1024!2i768!4f13.1!3m3!1m2!1s0x3a52665b761f9173%3A0xb00b91c7d5664d2!2sFlame%20Fitness%20Studio!5e0!3m2!1sen!2sin!4v1695725144621!5m2!1sen!2sin,13.051603,80.240488,standard,true,,146,flamefitnessstudio@gmail.com,,//www.facebook.com/pages/Flame-Fitness-Studio/573872682697081,,,,flame-fitness-studio,2023-09-26 10:45:16+00,2025-11-26 12:27:52+00
81dacab3-dcd7-481b-8156-de6c1dbd1fca,,Gaming,LXG League of Extraordinary Gamers,Nungambakkam,26,210,1000.00,,,800.00,20,Monday - Sunday,10:00:00,23:00:00,,,,+91 73959 58584,"[""62000dee5a05a6a71de3a6127a68778a.jpg""]",images/service/1697612598lxg (3).jpg,"No. 1, 1st Floor, Fortuna Towers, Dr MGR Salai, Thirumurthy Nagar, Nungambakkam, Chennai, Tamil Nadu - 600 034","League of Extraordinary Gamers (LXG) was founded in August 2013. LXG was rated the best gaming lounge in India within 6 months of its launch due to its high-end gaming rigs, ambience & its attached amenities at the lounge. Catering not only to casual gamers, LXG believes in encouraging the E-Sports scene in India by hosting large scale tournaments – standalone & in collaboration with larger consumer electronic brands. With a thriving positive response from the gaming community, LXG began its expansion with multiple franchises in the year 2016. There are now 5 premium Esports Arena across India with more to follow soon.",,https://www.google.com/maps/embed?pb=!1m18!1m12!1m3!1d62188.756828674464!2d80.1833443240698!3d13.048570541958442!2m3!1f0!2f0!3f0!3m2!1i1024!2i768!4f13.1!3m3!1m2!1s0x3a526641548a0699%3A0xe3b884df3aeb467f!2sLXG%20League%20of%20Extraordinary%20Gamers!5e0!3m2!1sen!2sin!4v1696596228592!5m2!1sen!2sin,13.053374,80.249398,standard,true,,217,info@lxgindia.com,http://www.lxgindia.com/,https://www.facebook.com/lxgindia.co/,,https://www.instagram.com/lxgindia/?hl=en,,lxg-league-of-extraordinary-gamers,2023-09-29 18:59:04+00,2025-12-30 07:51:03+00
83ff2e87-7800-4ab4-978d-9b93383ef8a7,,"Hair care,   Skin care,   Body care",Naturals,Thousand Lights,22,"111,113,114,116,117,118,119,120,121,122,124,125,126",450.00,,,,0,Monday - Sunday,10:00:00,21:00:00,Saturday,,,+91 90926 26262,"[""806beafe154032a5b818e97b4420ad98.jpeg""]",images/service/1696097787sc-2.jpeg,"No. 123 & 124, 3rd Floor, Ispahani Centre, Nungambakkam High Road, Thousand Lights, Chennai, Tamil Nadu - 600 034","Naturals was conceived with the idea of the modern Indian. Founded by K. Veena, whose knowledge of the international beauty industry pioneered a new era in the hair and beauty care industry in India, Naturals has made a path-breaking change in the way the beauty industry has been perceived. So, in the early 2000s, she made that dream a reality by setting up her first salon in Chennai. It took her only a while to understand the market potential and the ever-increasing demand for professional grooming. In 2004 her husband co-founder & CEO, CK Kumaravel joined and ever since then, the Naturals team has been able to meet every challenge in this competitive industry.","Men, Women & Kids Hair cut and more.",https://www.google.com/maps/embed?pb=!1m18!1m12!1m3!1d3886.642640317785!2d80.24556677420631!3d13.058404112970964!2m3!1f0!2f0!3f0!3m2!1i1024!2i768!4f13.1!3m3!1m2!1s0x3a52664208740119%3A0x97b23bb319aa0c30!2sNaturals!5e0!3m2!1sen!2sin!4v1696848426261!5m2!1sen!2sin,13.055252,80.249729,standard,true,,101,care@naturals.in,//www.naturals.in/,//www.facebook.com/NaturalsSalon,//twitter.com/naturals700,//instagram.com/naturalssalon,//www.linkedin.com/company/naturals-beauty-salon-india-p-ltd,naturals,2023-09-30 18:16:27+00,2025-12-23 11:41:00+00
844ffe5c-8195-4919-b9e0-29cf7b4fd2c5,,"Badminton,     Squash,     Football,     Dance,     Fitness,     Lounge,   Table tennis,   Martial arts",Smasher Sports Academy,OMR - Old Mahabalipuram Road,35,"221,224,225,238,243",2500.00,Month,,,0,Monday - Sunday,05:00:00,23:00:00,,,,044-45566717,"[""b4d22bb574aed5fdd900a274930252f6.jpg""]",images/service/1695906438FootballSmasher3Web.jpg,"No. 372, 5th Link Road, Nehru Nagar, Kandanchavadi, OMR, Chennai, Tamil Nadu - 600 096","Smasher Sports Academy brings international standards in sports facility in the OMR corridor, South Chennai. The holistic approach taken by it aims to promote sound mind in a healthy body. As stress takes the forefront in our lives, it has been proven that bodily activities like Sports, Dance, Fitness & Arts helps in reducing it. Smashers are proud to be offering all these activities across their 3 branches!",,https://www.google.com/maps/embed?pb=!1m18!1m12!1m3!1d31105.239648306142!2d80.22419290540793!3d12.96193456304087!2m3!1f0!2f0!3f0!3m2!1i1024!2i768!4f13.1!3m3!1m2!1s0x3a525d6c74b36057%3A0x68af6e44988d3b3b!2sSmasher%20Sports%20Academy!5e0!3m2!1sen!2sin!4v1697455462233!5m2!1sen!2sin,12.971793,80.248401,standard,true,,185,info@smashersportsacademy.com,//www.smashersportsacademy.com/,,,,,smasher-sports-academy,2023-09-28 13:07:18+00,2025-12-25 10:58:40+00
8476d816-2cb9-489c-8b1a-652badd068d3,,"Music Classes, Keyboard",Shree Music Academy Pvt Ltd,Ambattur,24,"63,65",1500.00,Month,,,0,Monday - Sunday,09:00:00,22:00:00,,,,+91 98404 37878,"[""46072631582fc240dd2674a7d063b040.jpeg""]",images/service/1698394873shree.avif,"No. 63, 44, N Park Street, Venkatapuram, Ambattur, Chennai, Tamil Nadu - 600 053",We hereby humbly take this opportunity to introduce our Shree Music Academy which is among the leading and largest music academy in Tamil Nadu. Our Academy was founded in 1999 with its leading trained and experienced faculties. Music is an art that resides in every human being and We at Shree Music Academy assure you to bring out the hidden music talents in you. Shree music academy offers an internationally validated program that is heralding a revolution in the way of professional music education. This is achieved by enhancing advanced musical training combined with performance technology composition theory and the history of Western classical culture and Indian traditions.,Keyboard,https://www.google.com/maps/embed?pb=!1m18!1m12!1m3!1d62170.937625260325!2d80.08396685820313!3d13.119219300000008!2m3!1f0!2f0!3f0!3m2!1i1024!2i768!4f13.1!3m3!1m2!1s0x3a5263a828dfbb85%3A0xe6f8401326fd57c0!2sShree%20Music%20Academy%20Pvt.%20Ltd.%20(Music%20%26%20Dance%20Institution%20Since%201999!5e0!3m2!1sen!2sin!4v1696858784690!5m2!1sen!2sin,13.119219,80.154005,premium,true,,239,info@shreemusicacademy.com,//www.shreemusicacademy.com/,//www.facebook.com/shreemusicacademy.ambattur,,//www.instagram.com/shree_music_academy_pvt_ltd/,,shree-music-academy-pvt-ltd,2023-10-03 11:50:54+00,2025-12-29 12:42:35+00
890f2318-d692-42e6-a30a-a2bda232c7ff,,"Wedding Photography,       Candid Photography,       Engagement,       Birthday,       Dance Portraits,       Baby Shoots,       Matrimonial Portraits,       Corporate Portraits,       Famil Portraits",Foton Studio,Anna Nagar,33,"44,45,46,47",150000.00,Service,,,0,Monday - Saturday,09:00:00,19:00:00,,,,+91 97101 30346,"[""310614fca8fb8e5491295336298c340f.jpg""]",images/service/1697793534foton 1.jpeg,"AH2 AH4, 4th Avenue, Shanthi Colony Main Road, Anna Nagar, Chennai, Tamil Nadu - 600 040","Foton Studio is driven by passion and ventured into business in the year 2011. Foton loves to document your stories and create beautiful memories for you to cherish forever. Our founder PSK Karthick, started as a passion towards shooting Fine Art Portraits in his own Aesthetic way, but capturing Weddings and the emotions in it were always our favourite. We capture the best things in your life in the most authentic way possible. Pictures have always been a universal language as it spreads joy when you relive them. Let it be your wedding or any life event. Let's celebrate together.",Wedding Package,https://www.google.com/maps/embed?pb=!1m18!1m12!1m3!1d124360.58713325702!2d80.13273254556815!3d13.08217203593068!2m3!1f0!2f0!3f0!3m2!1i1024!2i768!4f13.1!3m3!1m2!1s0x3a52641b5f061319%3A0x3f0a69ad50f2daa7!2sFoton%20Studio!5e0!3m2!1sen!2sin!4v1697451679518!5m2!1sen!2sin,13.082185,80.215134,standard,true,,129,mail@fotonstudio.in,//www.fotonstudio.in,//www.facebook.com/fotonstudio.in,,//www.instagram.com/fotonstudio.in/,,foton-studio,2023-09-30 22:06:35+00,2025-09-11 01:13:06+00
89485de1-6bb6-43f2-bf23-c644bc83f1ea,,"Veg,    Non veg",SL Star Catering Services,Jafferkhanpet,11,257,250.00,Plate,,,0,Monday - Sunday,00:00:00,23:59:00,,,,+91 99421 01979,"[""f3957fa3bea9138b3f54f0e18975a30c.png""]",images/service/1697020490sl 2.jpeg,"No. 36, 3rd Floor, Gangaiamman Koil Street, Near Kasi Theatre, Bharathi Block, Pari Nagar, West Jafferkhanpet, Chennai, Tamil Nadu - 600 083","We established ourselves as one of the best now in the business, our Reputation of excellent quality, unique preparation Style, with graced presentation. Any budget, any event, any menu, any where we are there to serve you. And we took Order basis with all Marriage function and Temple festival and all the programs, functions. We are services providing in Tamilnadu.","Veg - 250, Non veg - 500",https://www.google.com/maps/embed?pb=!1m18!1m12!1m3!1d124387.54412891035!2d80.12981924458585!3d13.02861848566247!2m3!1f0!2f0!3f0!3m2!1i1024!2i768!4f13.1!3m3!1m2!1s0x3a525d8dfefc0a79%3A0xb5d87ea88279af0!2sSL%20Star%20Catering%20Services!5e0!3m2!1sen!2sin!4v1697013889790!5m2!1sen!2sin,13.028632,80.212221,standard,true,,202,slstarcateringservices@gmail.com,//slstarcateringservices.com/,,,,,sl-star-catering-services,2023-10-11 10:34:50+00,2025-12-14 05:49:06+00
89cd4718-7fc4-40c7-8f6c-85d80e209434,,"SSC CGL Coaching,  CHSL Coaching",SSC Max Academy,Anna Nagar,32,145,40000.00,,,,0,Monday - Saturday,07:00:00,21:00:00,,,,+91 96771 47256,"[""841b60e20ff680b0d59aa9d6902fe289.jpg""]",images/service/1697610406ssc.jpeg,"No. 9/2, Santam Colony, Anna Nagar West Extension, Chennai, Tamil Nadu -  600 101",We are one of the fastest growing organizations that will help catapult students to Success in career. SSC MAX ACADEMY has been started mainly to create awareness and to crack competitive exams. We have been in this field for more than 10 years. But we concentrate exclusively for SSC exams for the past five years. Only in this period most of the toppers in TN were emerged from our institute.,CGL,https://www.google.com/maps/embed?pb=!1m18!1m12!1m3!1d124357.36751457702!2d80.11428584568547!3d13.088553830007351!2m3!1f0!2f0!3f0!3m2!1i1024!2i768!4f13.1!3m3!1m2!1s0x3a5264051a8bab0b%3A0x5260e3ec3ad0c6bc!2sSSC%20Max%20Academy%20-%20SSC%20CGL%20%26%20CHSL%20Coaching%20Center%20in%20Chennai%2C%20India!5e0!3m2!1sen!2sin!4v1697270473728!5m2!1sen!2sin,13.088567,80.196688,premium,true,,1674,sscmaxacademy@gmail.com,//sscmaxacademy.com/,//www.facebook.com/sscmaxacademy,,//www.instagram.com/sscmaxacademy/,,ssc-max-academy,2023-10-14 08:00:37+00,2025-12-30 04:40:12+00
8d3ebac7-fd73-4e65-b51c-50e3d49def6a,,"Denting and Painting,                       Battery Replacement,                       AC Service and Repairs,                       Tyre and Wheel Care,                       Premium Accessories,                       Custom Repair,                       Windshields and Lights,                       Clutch and Fitments,                       Periodic services - OEM Specifications",Karsenz Total Car Care Pvt Ltd,Guindy,25,"1,6,10,21,25",12000.00,Service,,,0,Monday - Saturday,10:00:00,19:00:00,,,,+91 97874 88884,"[""4b4edc2630fe75800ddc29a7b4070add.jpg"",""eea5d933e9dce59c7dd0f6532f9ea81b.jpg""]",images/service/169711345237393458_221866275130202_5931481974739828736_n.jpg,"E-7, 3rd Phase, Guindy Industrial Estate, SIDCO Industrial Estate, Guindy, Chennai, Tamil Nadu - 600 032","Karsenz Total Car Care Pvt. Ltd., an ISO 9001:2015 certified imported vehicle service station, was formed in 1997 in Chennai by a qualified automobile engineer from Gulf who has more than 25 years of experience as a specialist technician in sports and European luxury automobiles. Karsenz Total Car Care Pvt. Ltd. is a repair centre that specialises in imported cars.




Our staff of mechanics has experience working on a wide range of imported makes and models, and we can do high-quality repairs, maintenance, and modifications on any kind of vehicle. There is no need to worry about the safety of your vehicle because our technical professionals have earned a reputation for being among the most skilled specialists in South India.




From simple maintenance to intricate troubleshooting, from reprogramming the electronics in your vehicle to a total engine repair or replacement, we can handle everything associated with your vehicle. We can provide you with the most accurate diagnosis for your car since we have the most up-to-date and cutting-edge equipment available to us.




In addition to providing the greatest degree and quality of automotive service at an excellent value, we feel that it is our responsibility to provide our customers with solutions that are both professional and honest.




With direct access to the most recent software and hardware updates from Germany, Italy, and England, Karsenz can offer comprehensive technical assistance for the majority of automotive systems.




Karsenz can guarantee that only Original Equipment Manufacturer (OEM) and Original Equipment Supplier (OES) standard parts are being utilised.",General Service,https://www.google.com/maps/embed?pb=!1m18!1m12!1m3!1d3887.296394491452!2d80.2108313742057!3d13.016787813887731!2m3!1f0!2f0!3f0!3m2!1i1024!2i768!4f13.1!3m3!1m2!1s0x3a5266b899b8eefd%3A0x670a20332248b6d5!2sKarsenz%20Total%20Car%20Care%20Pvt%20Ltd!5e0!3m2!1sen!2sin!4v1696497955398!5m2!1sen!2sin,13.016783,80.213406,premium,true,,1377,info@karsenz.in,//www.karsenz.in/,//www.facebook.com/Karsenz-Total-Car-Care-177128099604020/,,//www.instagram.com/karsenz/,,karsenz-total-car-care-pvt-ltd,2023-09-19 14:56:16+00,2025-12-30 04:14:57+00
8e8ef250-3423-425d-804d-b7f1cdcc1bb1,,PG for Women,Feel At Home Perungudi Ladies Hostel,Perungudi,44,335,7000.00,Person,,,0,Monday - Sunday,10:00:00,19:00:00,,,,+91 99620 70699,"[""cb953f6ca5923f7517125db46ed1293d.webp""]",images/service/1698998276stanza 2.jpg,"No. 105A, Second Floor, Second Main Road, OMR, Thirumalai Nagar Annexe, Perungudi, Chennai, Tamil Nadu - 600 096",.,A/C and Non A/C rooms with sharing,,12.958957,80.244186,standard,true,,124,feelathomeladieshostel@gmail.com,//www.hostelforladies.com/,,,,,feel-at-home-perungudi-ladies-hostel,2023-10-25 09:56:08+00,2025-12-18 03:12:11+00
91e1543e-4d92-4e3d-8b92-daad13ef87dd,,Beach resorts,MGM Beach Resorts,ECR - East Coast Road,18,95,10500.00,Day,,,0,Monday - Sunday,,,,,,+91 80690 65555,"[""fc452d063a72e0824cacf90a32c3e358.png""]",images/service/1697796007mgm b.jpg,"No. 1/74, SH 49, Muttukadu, Chennai, Tamil Nadu - 603 112","Dr. M.G. Muthu, a self-made, humble guy, was the original creator of the MGM group of companies. Truth, hard work, simplicity, honesty, and faith were the guiding values that he intended to follow in order to build a brand. He has been successful in creating a wide network of businesses that operate in a variety of sectors, such as construction, mining, logistics, hospitality, and restaurant chains. MGM Hotels & Resorts is also involved in that initiative. In 1991, we took our first foray into the Indian hotel industry. We haven't turned back since. MGM Hotels & Resorts has branches in many countries outside of India, such as Kenya, Portugal, the United Kingdom, Spain, Cuba, and currently France. We have more than 8000 rooms spread across 40 hotels in first-rate locations, where our services and our extremely driven employees highlight the variety of continents where we have established ourselves. In addition, we have diversified our service offerings across a range of brands that offer unique and individualised experiences. In addition to our hotels, we are proud to be associated with one of the most popular theme parks in Muthukada—MGM Dizzee World! It is the perfect place for all ages to enjoy a variety of thrilling rides. It is renowned for introducing a variety of exciting attractions and activities to India for the first time, including the first hot air balloon rides in Chennai in 1998 and Jurong's Bird Show of Singapore to India in 1999.","Resort rooms, Villas, Party Hall and more.",https://www.google.com/maps/embed?pb=!1m18!1m12!1m3!1d3890.251332204117!2d80.23781527420257!3d12.827029018033159!2m3!1f0!2f0!3f0!3m2!1i1024!2i768!4f13.1!3m3!1m2!1s0x3a525a93c128157f%3A0x9f23aa04b9d4c602!2sMGM%20Beach%20Resorts!5e0!3m2!1sen!2sin!4v1696505922603!5m2!1sen!2sin,12.827029,80.240386,premium,true,,195,reservations@mgm-hotels.com,//www.mgm-hotels.com/mgm-beach-resort-muthukadu-chennai//,//www.facebook.com/MGMBeachResorts/,,//www.instagram.com/mgm_beach_resorts/?hl=en,,mgm-beach-resorts,2023-09-25 06:20:29+00,2025-12-13 20:11:12+00
92bc18ab-f427-45dd-a8e2-25542080f9ac,,Resort,Green Coconut Resort,ECR - East Coast Road,18,95,6500.00,Day,,,0,Monday - Sunday,,,,,,+91 98418 17711,"[""ae816a80e4c1c56caa2eb4e1819cbb2f.jpg""]",images/service/1697305649vchf_yPNCRk.jpg,"No. 58/1, East Coast Road, Muttukadu, Chennai, Tamil Nadu - 603 112","The Green Coconut Resort is situated in Muttukadu, close to Chennai's Mahabalipuram. The Green Coconut Resort is located 32 km from Chennai Central Railway Station and 33 km from Chennai International Airport. 25 miles separate the resort and the Koyambedu Bus Station. MGM Dizzee World (200 metres) and VGP Universal Kingdom (around 10 kilometres) are a couple of the neighbouring tourist attractions. Crocodile Bank is ten minutes away by car, and Mahabalipuram is twenty minutes away. More than sixty rides may be found at the 5 acre amusement park at The MGM Dizzee World. The Government Museum, Vadapalani Murugan Temple, and St. Mary's Church are further noteworthy locations that travellers are welcome to visit. There are 75 completely air-conditioned lodging apartments in the resort. Every room features a minibar, seating area, cable TV, and a private bathroom with complimentary toiletries. From the rooms, guests can enjoy views of the lake. The hotel offers a tour desk, free parking, a garden, a front desk staffed around-the-clock, BBQ facilities, and luggage storage.",Resort Room,https://www.google.com/maps/embed?pb=!1m18!1m12!1m3!1d3890.2166717499213!2d80.2375648742026!3d12.829270817984561!2m3!1f0!2f0!3f0!3m2!1i1024!2i768!4f13.1!3m3!1m2!1s0x3a525a8cc0255037%3A0x36d75ca0d30ebbe!2sGreen%20Coconut%20Resort!5e0!3m2!1sen!2sin!4v1696505337362!5m2!1sen!2sin,12.829266,80.240140,standard,true,,106,sales@greencoconut.in,//www.greencoconutresort.net/services.html,//www.greencoconutresort.net/#,,//www.greencoconutresort.net/,,green-coconut-resort,2023-09-23 09:12:07+00,2025-12-22 19:44:41+00
94d6b341-138a-4a9d-9eea-16a9ae134253,,Bharatanatyam,Lasya Dance  Pvt Ltd,Vadapalani,24,80,1700.00,Month,,,0,Monday - Sunday,09:00:00,18:00:00,,,,+91 86101 55722,"[""4a5876b450b45371f6cfe5047ac8cd45.jpeg""]",images/service/1698395514lasya.jpg,"No. 171, Arcot Road, Dr. Subbaraya Nagar, Vadapalani, Chennai, Tamil Nadu - 600 026","Bharatanatyam is a compound of two words - Bharata and Natyam. The term Bharata is believed to be named after the famous performance art sage to whom the ancient Natya Shastra is attributed. Bharata is a mnemonic, consisting of bhava (feelings, emotions), ra stands for raga (melody, framework for musical notes), and ta stands for tala (rhythm). The term Natya is a Sanskrit word for ""dance"". Bharatanatyam would thus connote a dance which harmoniously expresses ""bhava, raga and tala"".",Bharathanatyam,https://www.google.com/maps/embed?pb=!1m18!1m12!1m3!1d3886.7611225956516!2d80.21328297510952!3d13.050871513135233!2m3!1f0!2f0!3f0!3m2!1i1024!2i768!4f13.1!3m3!1m2!1s0x3a5266eeb1f054f5%3A0x5c1d0b59d28d7923!2sLasya%20Dance%20(opc)%20Pvt%20Ltd!5e0!3m2!1sen!2sin!4v1696858967137!5m2!1sen!2sin,13.050729,80.215768,premium,true,,206,thelasyadance@gmail.com,//www.thelasya.com/,,,,,lasya-dance--pvt-ltd,2023-10-03 11:33:13+00,2025-12-28 10:53:27+00
950a979c-1d5c-47f0-80b0-5177a7a8548c,,"Hair Fall Treatment,         Skin Lightening Treatment,         Pigmentation Treatment",Oliva Skin And Hair Clinic,Anna Nagar,29,302,700.00,Charge,,,0,Monday - Sunday,10:00:00,20:00:00,,,,+91 92054 80470,"[""9d94c8981a48d12adfeecfe1ae6e0ec1.jfif""]",images/service/1696404234oliva 1.jpg,"No. 221, TBR Tower Avenue, Above Starbucks, Y Block, 2nd Street, Anna Nagar, Chennai, Tamil Nadu - 600 040","Established in 2009, Oliva is committed to providing world-class care and evidence-based advanced medico-aesthetic treatments for all your skin and hair care needs. Oliva is a growing chain of over 23 state-of-the-art dermatology clinics currently present in seven major cities of the country. Powered by a leading team of more than 90 dermatologists and the latest USFDA-approved technology, Oliva offers customized and cost-effective treatments clinically proven for safety and efficacy. Our holistic approach helps us deliver optimal results and long-lasting satisfaction to our valuable clients! Oliva specializes in treating your acne, scars, hair loss, hair thinning, premature ageing, wrinkles, saggy skin, cellulite, hair fall, balding, dull skin, dark circles, freckles, tan, melasma, birthmarks, stretch marks and eliminating your stubborn fat, unwanted body hair, tattoos, warts and moles. Revolutionizing the quality of care by making scientifically proven safe and effective advanced skin and hair treatments accessible to all.",General Consultation,https://www.google.com/maps/embed?pb=!1m18!1m12!1m3!1d3886.222088418965!2d80.20982147510996!3d13.08510661237947!2m3!1f0!2f0!3f0!3m2!1i1024!2i768!4f13.1!3m3!1m2!1s0x3a526421830686bd%3A0x3182eed30acbd360!2sOliva%20Skin%20And%20Hair%20Clinic%20Anna%20Nagar%2C%20Chennai!5e0!3m2!1sen!2sin!4v1696857970693!5m2!1sen!2sin,13.085101,80.212396,standard,true,,67,info@olivaclinic.com,//www.olivaclinic.com,//www.facebook.com/olivaclinic/,//twitter.com/olivaclinic,,,oliva-skin-and-hair-clinic,2023-10-04 07:23:54+00,2025-12-21 15:52:03+00
96e9547b-599d-4bf4-bfdc-2b8ebfe4098f,,"Domestic Services,   International Services,   Logistics",Blue Dart Express Ltd,Nungambakkam,23,"39,40",0.00,,,,0,Monday - Saturday,10:00:00,17:00:00,,,,044-66344600,"[""043a1c71577f6249b071679bce73d008.jpg""]",images/service/16966225471234.jpeg,"New No. 11, Old No. 38, Status Quo, Sterling Road, Opp to Esi Office, Nungambakkam, Chennai, Tamil Nadu - 600 034","Blue Dart Express Ltd, South Asia's premier express air, integrated transportation & distribution company, offers secure and reliable delivery of consignments to over 55,400+ locations in India. Blue Dart is a provider of choice for its stakeholders due to its customer centric approach and aims to further strengthen this partnership. As part of Deutsche Post DHL Group’s DHL eCommerce Solutions division, Blue Dart accesses the largest and most comprehensive express and logistics network worldwide, covering over 220 countries and territories, and offers an entire spectrum of distribution services including air express, freight forwarding, supply chain solutions, customs clearance etc. The Blue Dart team drives market leadership through its motivated people, dedicated air and ground capacity, cutting-edge technology, wide range of innovative, vertical specific products and value-added services to deliver unmatched standards of service quality to its customers.",,https://www.google.com/maps/embed?pb=!1m18!1m12!1m3!1d3888.330398456395!2d80.1381698!3d12.9506975!2m3!1f0!2f0!3f0!3m2!1i1024!2i768!4f13.1!3m3!1m2!1s0x3a525fade991467f%3A0x69e73bdf97d2a185!2sBlue%20Dart%20Express%20Limited!5e0!3m2!1sen!2sin!4v1696239713810!5m2!1sen!2sin,13.065250,80.241488,standard,true,,189,customerservice@bluedart.com,//www.bluedart.com/,://www.facebook.com/bluedart.official,//twitter.com/BlueDart,//www.instagram.com/official_bluedart/,,blue-dart-express-ltd,2023-10-02 09:41:11+00,2025-12-29 03:47:52+00
97913b14-b463-4d78-b122-18a11156c949,,"TNPSC Coaching, Banking Coaching",NESTO Institute,T. Nagar,32,"133,139",30000.00,,,30000.00,0,Monday - Sunday,07:00:00,17:00:00,,,,+91 98845 65013,"[""859555c74e9afd45ab771c615c1e49a6.jpg"",""e1054bf2d703bca1e8fe101d3ac5efcd.jpg""]",images/service/1697196149nestoo.avif,"No. 4A , 2nd Floor, Varadharajan Street, Muthurangan Salai, T. Nagar, Chennai, Tamil Nadu - 600 017","You have come to the Right Place. Enquire today with NESTO and discuss your career ambitions. Our student counsellors will guide you through details on upcoming training batches, training fees, alumni success stories and career prospects etc. Nesto offers the best ca coaching classes in Chennai, CMA Coaching, CS coaching classes in Chennai, CFA coaching, TNPSC Coaching classes in Chennai, FRM Coaching, Bank exam coaching classes in Chennai, CFP Coaching, NEET coaching classes in Chennai etc.",,https://www.google.com/maps/embed?pb=!1m18!1m12!1m3!1d124385.53085699363!2d80.14538584465923!3d13.032625581939753!2m3!1f0!2f0!3f0!3m2!1i1024!2i768!4f13.1!3m3!1m2!1s0x3a5267a933390407%3A0x87edbda93854c71!2sNESTO%20Institute!5e0!3m2!1sen!2sin!4v1697195974344!5m2!1sen!2sin,13.032530,80.228413,standard,true,,260,info@nesto.co.in,https://www.nesto.in/,https://www.facebook.com/Nestoinstitute2009,,https://www.instagram.com/nestoinstitute2009/,,nesto-institute,2023-10-13 11:16:09+00,2025-12-30 05:47:38+00
992fbc0d-e284-43ea-a326-376c9ff4ddaf,,Healthcare,MGM Healthcare,Aminjikarai,17,89,2000.00,,,1800.00,10,Monday - Sunday,00:00:00,23:59:00,,,,044-45242407,"[""534488729ab74ff059356cb58c9907ef.webp""]",images/service/1696496207iStock-1215243668.jpg,"New No. 72, Old No. 54, Nelson Manickam Road, Aminjikarai, Chennai - 600 029","The Institute of Neurosciences and Spine Disorders at MGM Healthcare works towards the common goal of enhancing the quality of life for patients who are diagnosed with a condition that affects their nervous system. In our quest to be committed to the betterment of each patient’s physical and mental health, we leverage new-age medical technology that is complemented with care and comfort like home.",Healthcare,https://www.google.com/maps/embed?pb=!1m18!1m12!1m3!1d15546.580298297486!2d80.21456684906285!3d13.05824939624014!2m3!1f0!2f0!3f0!3m2!1i1024!2i768!4f13.1!3m3!1m2!1s0x3a5267ae643b0ee7%3A0x9405bf4578941d04!2sMGM%20Healthcare!5e0!3m2!1sen!2sin!4v1696499393437!5m2!1sen!2sin,13.070760,80.221937,standard,true,,119,info@mgmhealthcare.in,//mgmhealthcare.in/,//www.facebook.com/MGMHealthcareIN,//twitter.com/MGMHealthcare,,,mgm-healthcare,2023-09-22 10:09:07+00,2025-12-28 10:53:31+00
9a4057a4-04b1-4493-8c37-4f6adc43bb24,,"Rides,   Games",VGP Universal Kingdom,Injambakkam,26,195,775.00,Person,,,0,Monday - Sunday,09:30:00,18:00:00,,,,+91 89397 00588,"[""324545ee1d35608f4932e6c10c5a2df4.jpg"",""e10534dd65cf727692c0f9c44ba613f8.jpg"",""c622c085c04eadc473f08541b255320e.jpg""]",images/service/1697628977uni dis.jpg,"SH 49, Injambakkam, Chennai, Tamil Nadu - 600 115","A list of the best theme parks in Chennai can’t be deemed complete without including the VGP Universal Kingdom. Designed to offer full-scale entertainment to visitors of every age, the modern-day amusement park boasts of a number of exciting rides for the adults as well as the kids. Spread across 45 acres, the park offers family rides like the Mermaid Ship, Super Trooper, Ferris Wheel, Flashdance, Wave Swinger, Dashing Car, and Octopus, all of which are a big draw for the family crowd. Enhancing the thrill quotient of the park are scream-out-loud rides like the Flying Carpet, Horror House, London Bull, Top Gun, Rock & Roll, and Roller Coaster. Among the other attractions are the Paneer Fort, Petting Zoo, Beach, Statue Man, and Live Shows.",Adult - 775  Child - 595,https://www.google.com/maps/embed?pb=!1m18!1m12!1m3!1d3888.8988692949356!2d80.25052400000001!3d12.914221!2m3!1f0!2f0!3f0!3m2!1i1024!2i768!4f13.1!3m3!1m2!1s0x3a525ce7cfa58535%3A0x96c3e0481b851d2f!2sVGP%20Universal%20Kingdom!5e0!3m2!1sen!2sin!4v1695632204612!5m2!1sen!2sin,12.914221,80.250524,standard,true,,121,info@vgpuniversalkingdom.in,//vgpuniversalkingdom.in/,//www.facebook.com/vgpuniversalkingdom/,//twitter.com/vgpukd?lang=en,,,vgp-universal-kingdom,2023-09-25 08:56:27+00,2025-12-24 23:33:57+00
9b71c857-98d7-4f64-9658-827943cb94ac,,"Food,    Cocktail",Mount Road Social,Chintadripet,36,42,2000.00,,,1500.00,25,Monday - Sunday,11:00:00,00:00:00,,,,+91 86579 89073,"[""11e2ad6bf99300cd3808bb105b55d4b8.jpg""]",images/service/1696590196mount.jpg,"Gate No. 1, E-Hotel, Pattullos Road,First Floor, Chennai, Tamil Nadu - 600 002","Social is a space that blends the best of the office and the café. Combining work and play, it's an urban hangout designed to take you offline while still keeping you connected. Social is a collaborative workspace, a hub for artists and innovators.",,https://www.google.com/maps/embed?pb=!1m18!1m12!1m3!1d124372.39257763438!2d80.18066134513798!3d13.058745557679764!2m3!1f0!2f0!3f0!3m2!1i1024!2i768!4f13.1!3m3!1m2!1s0x3a526766cec793bf%3A0x3176cc6d8fc9169e!2sMount%20Road%20Social!5e0!3m2!1sen!2sin!4v1696590280836!5m2!1sen!2sin,13.058759,80.263063,standard,true,,126,hello@socialoffline.in,https://socialoffline.in/,https://www.facebook.com/SocialOffline,https://twitter.com/SocialOffline,http://instagram.com/socialoffline,,mount-road-social,2023-09-29 17:32:26+00,2025-12-04 12:26:51+00
9c2d2668-a50b-49a3-a3ed-5010b8e5c5f3,,"Pg for Men,   Pg for Women",Stanza Living Odense House,Arumbakkam,44,"334,335",12000.00,Person,,,0,Monday - Sunday,05:00:00,23:30:00,,,,+91 80460 07693,"[""d4bad256c73a6b25b86cc9c1a77255b1.jpeg""]",images/service/1699001849stt.webp,"No. 19, EVR Road, Dr. Radhakrishnan Nagar, Arumbakkam, Chennai, Tamil Nadu - 600 106","Odense House by Stanza Living is not your everyday PG. It's your second home. It's so because, in this fully-furnished residence for males and females, you'll find home-like comforts waiting for you. Professional housekeeping services, high-speed internet, delicious and nutritious homely meals, and our many other amenities won't let you miss home, even hundreds of miles away from it. And that's true for all our residences, you could be a Student & Working Professional. The comfort level is further raised with the use of our tech integrations, like the Stanza Living - Resident App, biometric entrance, and use of machine learning, which takes boring everyday tasks to the online world.",A/C and Non A/C rooms with sharing,https://www.google.com/maps/embed?pb=!1m18!1m12!1m3!1d3886.366253900814!2d80.21113247510984!3d13.075959012581652!2m3!1f0!2f0!3f0!3m2!1i1024!2i768!4f13.1!3m3!1m2!1s0x3a526710e638d9ed%3A0x8eaaa24aa5dd8489!2sStanza%20Living%20Odense%20House!5e0!3m2!1sen!2sin!4v1698656979155!5m2!1sen!2sin,13.075954,80.213707,premium,true,,1568,community@stanzaliving.com,//www.stanzaliving.com,//www.facebook.com/StanzaLiving/,,//www.instagram.com/stanzaliving/,,stanza-living-odense-house,2023-10-30 09:08:59+00,2025-12-30 03:22:54+00
9c84dbf4-2fd0-4773-b59a-e3fee50db600,,"International Service,  National Service,  Domestic Service",The Professional Couriers,Medavakkam,23,"39,40,59",0.00,,,,0,Monday - Saturday,09:00:00,19:00:00,,,,044-22770776,"[""8860a4e27cbbe4c63821b429211684a3.jpg""]",images/service/1696878810depositphotos_30415293-stock-photo-delivery-man-with-parcel-box.jpg,"No. 556, Velachery Road, Pushpa Nagar, V.G.P Pushpa Nagar, Ranganathapuram, Medavakkam, Chennai, Tamil Nadu - 600 100","The Professional Couriers traces its beginnings to 1987 when Directors of the Company felt the need for a Courier Service to meet the needs of growing and challenging business avenues in the country. They sensed a requirement for a service that could conveniently provide the masses with means for sending and receiving their consignments. In line with this, The Professional Couriers (TPC) was conceived and was incorporated on November 1, 1987. During this time, large-scale courier service was practically non-existent. Therefore, the eight directors came together to pioneer a new path for their organization from scratch. They embarked on a journey to establish an organization on the key pillars of the customer and employee-centric approach, focusing on ethics and excellence.",,https://www.google.com/maps/embed?pb=!1m18!1m12!1m3!1d3888.824993834181!2d80.1847459751079!3d12.918967016029942!2m3!1f0!2f0!3f0!3m2!1i1024!2i768!4f13.1!3m3!1m2!1s0x3a525c1fdf93318b%3A0xaa7faaaeee96a023!2sThe%20Professional%20Couriers!5e0!3m2!1sen!2sin!4v1696860582207!5m2!1sen!2sin,12.915605,80.194179,premium,true,,896,maaro@tpcglobe.co.in,//www.tpcindia.com/Default.aspx,//www.facebook.com/theprofessionalcouriers,//twitter.com/tpcglobecares,//www.instagram.com/tpcglobe/,,the-professional-couriers,2023-10-02 10:55:37+00,2025-12-30 08:03:28+00
9d572c60-c3ca-4298-8d73-5108db8ba5d5,,"International Services - Import Express,     Export Express,  Air Freight Cargo and Warehousing",Uniex Courier and Cargo,Nungambakkam,23,39,0.00,,,,0,Monday - Saturday,10:00:00,22:00:00,,,,+91 96008 79666,"[""fb4c835feb0a65cc39739320d7a51c02.jpeg""]",images/service/1696878433depositphotos_417903248-stock-photo-young-caucasian-male-courier-holding.jpg,"New No. 51, Old No 21A, Nungambakkam, Chennai, Tamil Nadu - 600 034","Uniex Courier & Cargo (Universal worldwide Courier) is a 17 years old An ISO 9001-2015 company and Proud courier partner of Chicago, USA World Tamil Conference 2019 - 2022. We offer one of the fast, reliable and most cost effective logistical services to 220 countries with an online track system to our esteemed customers .Uniex courier having offices in USA, UK, GERMANY, FRANCE, DUBAI, MALAYSIA ,SRI LANKA, SINGAPORE, HONGKONG, CHINA, SOUTH AFRICA & MIDDLE EAST countries to provide best rate & service to customers., Our Worldwide established Courier network and highly professional dedicated and well experience friendly team of staff will Support all your requirements on daily basis. Our aim is to offer you the best possible service at the lowest price. We listen to our clients, large or small, and respond positively to their needs at all times. We offer a comprehensive range of services to suit customer needs. Our mission is to provide the best Express Courier & Cargo Services at the most economical rates to ensure maximum customer satisfaction.",,https://www.google.com/maps/embed?pb=!1m18!1m12!1m3!1d3886.673880443937!2d80.24331807510963!3d13.056418413012976!2m3!1f0!2f0!3f0!3m2!1i1024!2i768!4f13.1!3m3!1m2!1s0x3a526667e8f5e3c1%3A0xfbe1e6dfd7406493!2sUniex%20Courier%20and%20Cargo!5e0!3m2!1sen!2sin!4v1696860482389!5m2!1sen!2sin,13.056413,80.245893,premium,true,,209,uniexanr@gmail.com,//www.uniexcourierandcargo.com/,//www.facebook.com/InternationalCourierChennai/,//twitter.com/IC_Chennai,,,uniex-courier-and-cargo,2023-10-02 11:17:19+00,2025-12-28 11:09:41+00
a2d14f39-a88f-432e-ba8f-efa40655fb8f,,"Domestic Moving,   Shifting,   Car Transportation,   Warehouse service",SV Packers and Movers Chennai,Triplicane,19,"48,49",11000.00,Service,,,0,Monday - Sunday,00:00:00,12:00:00,,,,+91 97911 14840,"[""23a6de9d1b696e1e7ddd06bb056745a2.jpg""]",images/service/1700205849new 1.avif,"No. 16/31, Noordhin Complex, Chinnappa Street, PWD Estate, Chepauk, Triplicane, Chennai, Tamil Nadu - 600 005","S V Packers Movers is one of the leading companies providing trustworthy, committed, and end-to-end logistic solutions to the customers. We have been offering cargo related services since years and pleasing our customers time and again. You can expect nothing but quality services from our team of professionals. For more details, just give us a call, and we shall explain to you in detail.",2 BHK Shifting,https://www.google.com/maps/embed?pb=!1m18!1m12!1m3!1d124375.43529155922!2d80.15724624502711!3d13.05270096329296!2m3!1f0!2f0!3f0!3m2!1i1024!2i768!4f13.1!3m3!1m2!1s0x3a526914e4276d0b%3A0x72165462f52abdf4!2sSV%20Packers%20and%20Movers%20Chennai!5e0!3m2!1sen!2sin!4v1697112832500!5m2!1sen!2sin,13.057620,80.273780,standard,true,,335,info@svpackersmovers.com,//svpackersmovers.com,//svpackersmovers.com/about.php#,,,,sv-packers-and-movers-chennai,2023-10-12 12:13:23+00,2025-12-23 09:40:03+00
a5633d27-e31a-4aed-ab6a-579c72576914,,"Residential,     Commercial,     Industrial,     Apartments,     Villas",Casa Grand Builder Private Limited,Thiruvanmiyur,42,"280,281,282,285,287,289,290",45000.00,,,40000.00,11,Monday - Saturday,09:00:00,18:00:00,Saturday,09:00:00,13:00:00,044-44111111,"[""29539ed932d32f1c56324cded92c07c2.jpg""]",images/service/1697443385real 6.webp,"NPL Devi, No. 111, Old No. 59, LB Road, Chennai, Tamil Nadu – 600 041","Established in 2004, Casagrand Builder Private Limited is a Chennai-based real estate enterprise that has solidified its presence in the residential market with more than 140+ landmark properties across the southern states of India. Since its inception, Casagrand has worked towards a vision of building aspirations and delivering value. Over 27,000 happy families have found their dream homes and investments at Casagrand properties. Having developed over 36 million sq. ft. of luxury residences across Chennai, Bengaluru, Coimbatore and Kodaikanal, Casagrand has changed the landscape of South India with self- sufficient townships, premium apartments, independent villas and plots. Casagrand is among the best property developers in Chennai, with projects worth 8,000 crores including luxury apartments in Chennai and luxury villas in Chennai. Casagrand is now a top real estate company in Chennai, and has strategically chosen to develop its properties in burgeoning localities that offer ease in connectivity, thriving social and commercial infrastructure and proximity to modern lifestyle conveniences. Casagrand properties in Chennai include locations such as OMR, ECR, Mogappair, Anna Nagar, Madhavaram, Korattur, Sholinganallur, Poonamallee, Manapakkam, Medavakkam, Pallavaram, Oragadam, Thalambur, and many other prominent neighbourhoods. Apart from Chennai, Casagrand offers luxurious villas and apartments in Coimbatore at Kalapatti and Singanallur and in Bangalore at K R Puram and Sarjapur.",,https://www.google.com/maps/embed?pb=!1m18!1m12!1m3!1d62196.52538625107!2d80.1863074239308!3d13.01765219913879!2m3!1f0!2f0!3f0!3m2!1i1024!2i768!4f13.1!3m3!1m2!1s0x3a525d5f8e592ed5%3A0x322c969be8129ef1!2sCasagrand%20Builder%20Private%20Limited!5e0!3m2!1sen!2sin!4v1696850724728!5m2!1sen!2sin,12.989943,80.256386,premium,false,,116,icare@casagrand.co.in,https://www.casagrand.co.in,https://www.facebook.com/CasagrandHomes,https://twitter.com/casagrandhomes,https://www.instagram.com/Casagrandhomes/,https://www.linkedin.com/company/casa-grande-private-limited?trk=extra_biz_viewers_viewed,casa-grand-builder-private-limited,2023-09-30 19:11:15+00,2025-03-29 10:38:45+00
a5ba5913-1d0b-4252-9396-d97d2a85e568,,"House Shifting,   Office Shifting",SG Packers & Movers,Nanganallur,19,50,6000.00,,,6000.00,0,Monday - Sunday,08:00:00,22:00:00,,,,+91 98844 50561,"[""8ab7f718012c87aad3887a7d136cdf53.png""]",images/service/1700206643sg.jpg,"No. 24, Medavakkam Main Road, Adambakkam, Chennai, Tamil Nadu - 600 088","SG packers and movers are renowned for relocation services. Whether it is office relocation or home shifting, convenience and protection are what we offer to our trusted clients. Coming to the rearrangements, we aid not only loading and unloading services but also take a step ahead by rearranging your belongings as per your requirements.",,https://www.google.com/maps/embed?pb=!1m18!1m12!1m3!1d124406.47494070357!2d80.11594974389604!3d12.990880320734844!2m3!1f0!2f0!3f0!3m2!1i1024!2i768!4f13.1!3m3!1m2!1s0x3a52670d8650d837%3A0xa42f84689585d1ae!2sSG%20Packers%20%26%20Movers%20%7C%20Packers%20and%20movers%20Chennai%20to%20Bangalore%20%7C%20Packers%20and%20Movers%20in%20Chennai!5e0!3m2!1sen!2sin!4v1697101376830!5m2!1sen!2sin,12.993179,80.199615,standard,true,,185,info@sgpackersmovers.com,https://www.sgpackersmovers.com,https://www.facebook.com/SGpackersmovers,,https://www.instagram.com/sgpackersmovers,,sg-packers-&-movers,2023-10-12 09:02:14+00,2025-12-16 14:41:17+00
a82c37b9-249c-4466-bd3c-4d3951f29746,,"Pediatrics,     Physiotherapy,     Orthipedics,   Obstetrics,   Gynecology",Lotus Speciality Clinic,Thoraipakkam,29,"309,312,316",500.00,Charge,,,0,Monday - Saturday,09:00:00,21:00:00,,,,044-42303337,"[""8e987cf1b2f1f6ffa6a43066798b4b7f.jpg""]",images/service/1697002437pediatric.jpg,"No. 6, Customs Colony, Sakthi Nagar, Thoraipakkam, Tamil Nadu - 600 097","Lotus Speciality Clinic started of as small clinic in Thirumurthy Nagar, Nungambakkam in the year 2013. It was an initiative taken by Dr. Radhalakshmi SenthilKumar and Dr. SenthilKumar Kamalasekaran to provide better first-hand care to their patients. Their aim was a better patient-doctor rapport. To meet the growing medical needs and challenges to their patients.",General Consultation,https://www.google.com/maps/embed?pb=!1m18!1m12!1m3!1d124387.34208214584!2d80.12699000702675!3d13.02902068215581!2m3!1f0!2f0!3f0!3m2!1i1024!2i768!4f13.1!3m3!1m2!1s0x3a525d0271116c71%3A0xe74c9e6068fddf19!2sLotus%20Speciality%20Clinic!5e0!3m2!1sen!2sin!4v1697002443593!5m2!1sen!2sin,12.944800,80.239761,standard,true,,118,support@lotusspeciality.com,//www.lotusspeciality.com/,,,//www.instagram.com/lotusspecialityclinic/?hl=en,,lotus-speciality-clinic,2023-10-11 05:33:57+00,2025-12-21 15:11:20+00
ac0fc138-3a80-4ce1-b39e-fbbb1f03bcb7,,"Veg,   Non veg",Sri Padmavathi Catering,Velachery,11,256,450.00,,,450.00,0,Monday - Saturday,09:00:00,19:00:00,,,,+91 98400 34463,"[""8a7cf65139a9fbb34f03b046d8dc597c.jpg""]",images/service/1697020804padm.jpg,"No. 73A, Sri Griha, 6th Main Road, Ram Nagar, North Extension Vijayanagar, Velachery, Chennai, Tamil Nadu - 600 042","Sri Padmavathi Catering has been in this field of catering and event management for a decade now. We are known to provide supreme quality, authentic tasting vegetarian meals. Our chefs have an expertise in traditional south indian cuisines and north indian cuisines. We not only cater Brahmin events but to any clients who wish authentic vegetarian delicacy.",,https://www.google.com/maps/embed?pb=!1m18!1m12!1m3!1d62198.81892722556!2d80.15967712388975!3d13.0085102512626!2m3!1f0!2f0!3f0!3m2!1i1024!2i768!4f13.1!3m3!1m2!1s0x3a525d910e4a2d8b%3A0x86b14ed508a240a2!2sSri%20Padmavathi%20Catering%20Services!5e0!3m2!1sen!2sin!4v1697013218770!5m2!1sen!2sin,12.971290,80.214952,standard,true,,200,padmavathicateringchennai@gmail.com,https://sripadmavathicatering.in/,,,,,sri-padmavathi-catering,2023-10-11 09:48:19+00,2025-12-18 19:05:46+00
ad2517b4-66c9-48e5-9219-c921e97a8d7b,,Games,VGP Snow Kingdom,Injambakkam,26,203,750.00,Person,,,0,Monday - Sunday,10:00:00,20:00:00,,,,+91 73822 22222,"[""e2f374c3418c50bc30d67d5f7454a5b4.jpg""]",images/service/1695633789vgp snow 1.jpg,"SH 49, Next to VGP Universal Kingdom, Injambakkam, Chennai, Tamil Nadu - 600 115","Snow is perhaps the last thing you would associate with a tropical coastal city like Chennai. But step into the VGP Snow Kingdom and you will feel like you have entered a region of sub-zero temperatures where everything is covered in a thick blanket of snow. Yes, this unique indoor park is your ticket to move out of your hotels in Chennai and escape to a land of snow without even boarding a flight to the Himalayas or the Swiss Alps! Situated right there in Chennai, VGP Snow Kingdom boasts of being one of the best and full-fledged snow parks in the entire state of Tamil Nadu. The park is located adjacent to the VGP Universal Kingdom, but it is a completely independent unit.",Adult - 750 Child - 650,https://www.google.com/maps/embed?pb=!1m14!1m8!1m3!1d3888.915272010433!2d80.25118!3d12.913167000000001!3m2!1i1024!2i768!4f13.1!3m3!1m2!1s0x3a525c970160e5a1%3A0x6e1dd8e2368dc853!2sSnow%20Kingdom%20(Chennai)!5e0!3m2!1sen!2sin!4v1695633235040!5m2!1sen!2sin,12.913309,80.251341,standard,true,,126,info@snowkingdom.com,//www.snowkingdom.com/chennai.php,//www.facebook.com/SnowKingdomIndia,,//www.instagram.com/snowkingdomindia/,,vgp-snow-kingdom,2023-09-25 09:23:09+00,2025-12-29 19:59:24+00
ae106c8c-4a9c-4879-b0cb-5ea10db1efcf,,"Body massage,         Hair cut",Limelite Salon and Spa,OMR - Old Mahabalipuram Road,22,"111,110,119",550.00,,,,0,Monday - Friday,10:00:00,20:00:00,,,,+91 89256 22222,"[""64f1f27bf1b4ec22924fd0acb550c235.png""]",images/service/1695707514lime lite 3.jpeg,"No. 252/2, A1A, Venture Park, 1st Floor, PTC bus stop, Thoraipakkam, OMR (Opposite to KFC), Chennai, Tamil Nadu - 600097","Limelite Unisex Salon and Spa is the owner of thirteen salons spread across Noida, Bangalore, Chennai, and Coimbatore. Our dear and inspirational Mr. CK Ranganathan is the creator of Limelite. He has built a whole enterprise that he oversees with the utmost fervour and devotion. Because of his dedication and hard work, Limelite Unisex Salon has become one of India's top hair salons, offering top-notch service and an international atmosphere. The business is the pioneer of organised salon retail. With the support of a group of experts, a training facility, and CavinKare's R&D capabilities, the business has introduced a variety of cutting-edge treatments that thrill more than 25 lakh clients annually via its 370+ salons across India. Celebrities and other well-known personalities have considered Limelite Beauty Salon their preferred place to unwind, de-stress, and rejuvenate. We have provided our clients with the most incredible experience for more than 20 years.","Men, Women, kids hair cuts, and more.",https://www.google.com/maps/embed?pb=!1m14!1m8!1m3!1d248776.29131906616!2d80.1133902!3d13.027421!3m2!1i1024!2i768!4f13.1!3m3!1m2!1s0x3a525cf872999895%3A0xab2bc277334977d1!2sLimelite%20Salon%20and%20Spa%2CThoraipakkam!5e0!3m2!1sen!2sin!4v1711655671052!5m2!1sen!2sin,12.861321,80.226861,premium,true,,1699,Limelitecare@cktrends.in,//limelitesalonandspa.com/,//www.facebook.com/,,//www.instagram.com/limelitesalons/,,limelite-salon-and-spa,2023-09-26 05:51:54+00,2025-12-30 05:17:04+00
ae36c403-3dd1-440a-8cac-4c897bd2406e,,"Para Motoring,  Para Gliding",Adventure Aero Sports Association,Palavakkam,21,"16,19",3500.00,Person,,4600.00,-31,Monday - Sunday,10:00:00,18:00:00,,,,+91 94880 11194,"[""1ef03ed0cd5863c550128836b28ec3e9.jpg""]",images/service/1696423028para 11.jpg,"No. 305, Palkalai Nagar, Palavakkam, Pattipulam, Tamil Nadu - 600 041","Still thinking of the Right Brothers in the sky for flying? Your dreams come true now. Right in Chennai, enjoy the dizzy delight of flying; the first of its kind in Tamil Nadu. Register under Tamil Nadu society act 1975 Aero Sports Association, it makes flying possible for everyone irrespective of their age. When old Adventure sports are becoming things of yester years let us welcome this paramotoring sport and request the authorities to promote this sport in all possible ways as the weather are not always favourable to them.",Paragliding,https://www.google.com/maps/embed?pb=!1m18!1m12!1m3!1d3892.4913515303824!2d80.21641627510488!3d12.681320721175943!2m3!1f0!2f0!3f0!3m2!1i1024!2i768!4f13.1!3m3!1m2!1s0x3a525d396b3b5c27%3A0xc1d5bb696b346cdf!2sAdventure%20Aero%20Sports%20Association%20-%20Paragliding%20Training%20in%20India!5e0!3m2!1sen!2sin!4v1696857281106!5m2!1sen!2sin,12.681316,80.218991,premium,true,,288,manikannan1275@gmail.com,//www.fly2day.in/,//www.facebook.com/people/AERO-SPORTSparamotoringparaglaiding/100064795205502/,,//www.instagram.com/aerosports_official,,adventure-aero-sports-association,2023-10-04 12:37:08+00,2025-12-29 07:22:43+00
ae79db8b-201b-4aaa-9131-a3f771199373,,Wedding Hall,PSB Conventions,Ambattur,15,33,200000.00,Day,,,0,Monday - Saturday,09:00:00,19:00:00,Sunday,10:00:00,19:00:00,+91 96770 45605,"[""78e8dffe65a2898eef68a33b8db35b78.jpg""]",images/service/1697022936psb 1.jpg,"No. 21F, 3rd Main Road, Tass Industrial Estate, Sidco Industrial Estate, Ambattur, Chennai, Tamil Nadu - 600 058","The Grand Wedding Hall which is designed by one of the Renowned Architect has 7000 sq ft of space without even a single pillar thus giving clear view of the wedding function from any corner of the hall. This hall is designed to suit top class marriages and Receptions. The Grand Hall has state of the art vitrified tiles (massive size), marbles and crystal Chandeliers. Providing Luxurious ambiance and magnificent décor, The total built up area is 50000 sq ft and of which 20000 sq ft meant exclusively for covered car parking.",,https://www.google.com/maps/embed?pb=!1m18!1m12!1m3!1d124348.55616187352!2d80.08043964600657!3d13.106003713814378!2m3!1f0!2f0!3f0!3m2!1i1024!2i768!4f13.1!3m3!1m2!1s0x3a5263eb847be69b%3A0x5f0051929df774fe!2sPSB%20Conventions!5e0!3m2!1sen!2sin!4v1697022976579!5m2!1sen!2sin,13.106017,80.162842,standard,true,,253,psbconventions@gmail.com,//psbconventions.in/,//www.facebook.com/PSB-Conventions-107688400854925/,,//instagram.com/psbconventions?utm_medium=copy_link,,psb-conventions,2023-10-11 11:15:36+00,2025-12-22 12:27:39+00
ae882e0a-6c74-4ac6-a6aa-f67f925c05a1,,"VR Games,      Bowling,      Snooker,      Futsal,      XBOX,   PS games,   PC games,   Simulation games,   Kids play,   VR games",Nassaa Uth Hub,Besant Nagar,26,210,120.00,Charge,,,0,Monday - Sunday,11:00:00,23:00:00,,,,+91 88070 00300,"[""e27a949795bbe863f31c3b79a2686770.jpg""]",images/service/1696596754naasa.jpg,"5th Avenue, Elliot's Promenade, Besant Nagar, Chennai, Tamil Nadu - 600 090","Nassaa is the world first entertainment youth hub. Bowling, Snooker, Billiards, VR, PC, PS, Cricket simulator, X- box, Car simulator, Flight Simulator, Arcade Games, Kids Play Zone, Roof Top Futsal & Restaurant with Party Hall. Best Entertainment place in Chennai. Is mainly for MNC Team Outing, Family Outing.",Free Entry,https://www.google.com/maps/embed?pb=!1m18!1m12!1m3!1d62193.816117566945!2d80.19418007397925!3d13.028443096632323!2m3!1f0!2f0!3f0!3m2!1i1024!2i768!4f13.1!3m3!1m2!1s0x3a5267e34c1b8ce5%3A0x8521577c2607aaaa!2sNassaa%20Uth%20Hub%20in%20Chennai%2C%20Besant%20Nagar%20-%20Bowling%2C%20Snooker%2C%20Laser%20Tag%2C%20PS5%2C%20VR%2C%20PC%2C%20Arcade%20%26%20Cricket%20in%20Chennai%2C%20Besant%20Nagar!5e0!3m2!1sen!2sin!4v1696596817429!5m2!1sen!2sin,13.002892,80.272131,premium,true,,351,nassaauthhub@gmail.com,//nassaa.in/,//www.facebook.com/nassaayouthhub.offl/,//twitter.com/hashtag/nassaauthhub?lang=en,//www.instagram.com/nassaayouthhub/?hl=en,,nassaa-uth-hub,2023-09-30 06:02:48+00,2025-12-28 16:40:55+00
af0eea0f-cf3c-4dbc-b54e-8a9059956b79,,"Anger Management,        Abnormal,        Unusual,        Strange Behavior,        Suicidal Behavior,        Obsessive Compulsive Disorder (OCD) Treatment,        Memory Improvement,        Pre-Marital Counselling,        Grief Counselling,     Drug Abuse and De-Addiction Therapy",Nirnay Consulting Services,Anna Nagar,29,305,3000.00,Charge,,,0,Monday - Saturday,15:00:00,22:00:00,,,,+91 99400 77732,"[""4c03f769f791d9f1148f3b1e59090473.jpg""]",images/service/1697284895hqdefault.jpg,"New No. 11, AE - 25, First Floor, 2nd Street, 10th Main Road, Shanthi Colony, Anna Nagar, Opposite to SMF Main Hospital, Chennai, Tamil Nadu - 600 040","Nirnay Consulting Services established by seasoned professional Dr. Hemapriya Jayapal, Nirnay Consulting Services gives end to end multispecialty consultation through a group of experts specialized in several fields and very much examined and benchmark procedures and frameworks for better quality, enhanced speed and lessened cost based on the 25 years of experience in various fields. Nirnay gives cordial and expert treatment and evaluations. Our expert and qualified analysts can help you with treatment when you are confronting troublesome life circumstances. We take pride in your prosperity and can help you with a scope of mental administrations.",General Consultation,https://www.google.com/maps/embed?pb=!1m18!1m12!1m3!1d3886.2467975566765!2d80.20355967510991!3d13.083539212414204!2m3!1f0!2f0!3f0!3m2!1i1024!2i768!4f13.1!3m3!1m2!1s0x3a52641eeec421b5%3A0xb3a54072604575d1!2sNirnay%20Consulting%20Services!5e0!3m2!1sen!2sin!4v1696857758073!5m2!1sen!2sin,13.083534,80.206135,premium,true,,256,nirnayconsultingservices@gmail.com,//nirnay.org/index.php,//www.facebook.com/DrHemaKarthik,//twitter.com/DrHemaKarthik,,,nirnay-consulting-services,2023-10-04 08:16:48+00,2025-12-22 21:33:09+00
b007c2f6-2075-4772-b078-dd4c666e6e28,,"Overhauls,         Diagnostics,         Modifications,   Oil service",Ignite The Garage,ECR - East Coast Road,25,22,4500.00,Service,,,0,Monday - Saturday,09:39:00,19:30:00,,,,+91 98419 55158,"[""eb7ef0469ad23a2c5782e8770da04529.jpg"",""5cd5058bca53951ffa7801bcdf421651.jpg"",""a554f89dd61cabd2ff833d3468e2008a.jpg""]",images/service/1697114364174232482_10160749354234027_2221684183983789227_n.jpg,"No. 111, SH 49, Akkarai, ECR, Chennai, Tamil Nadu -  600 119","Ignite is a one stop automobile repair and service station for the uncompromising car owner who wants quality service at a fair price. Driven by a bunch of hard core automobile enthusiasts who have gasoline flowing in their veins, Ignite is re-defining the term 'Car Service' as we know it. Not satisfied with anything less than perfection, we provide service with the highest levels of transparency, workmanship and expertise to every car that rolls in. It is our strong belief that quality car care need not be expensive and our competitive prices bear testimony to this. We do not endorse any particular brand or manufacturer for commercial gains. We are independent and have evolved with the singular purpose of providing high octane service for your car.",General Service,https://www.google.com/maps/embed?pb=!1m18!1m12!1m3!1d3889.095641453556!2d80.24851989999999!3d12.901571299999997!2m3!1f0!2f0!3f0!3m2!1i1024!2i768!4f13.1!3m3!1m2!1s0x3a525c9dd6ca0e0f%3A0xcf853df80af6ec41!2sIgNite%20The%20Garage!5e0!3m2!1sen!2sin!4v1695879373745!5m2!1sen!2sin,12.901571,80.248520,standard,true,,120,mailtoignite@gmail.com,//www.ignitethegarage.in,//www.facebook.com/IgNiteTheGarage/,,,,ignite-the-garage,2023-09-28 05:35:43+00,2025-12-30 09:31:41+00
b08c4a9b-ad9c-4b0d-973c-88777f92f71c,,"Marriage Hall,   Party Hall,   Lawns",Firm's Banquet Hall,Anna Nagar,15,"33,34",48000.00,Day,,,0,Monday - Sunday,00:00:00,23:59:00,,,,+91 95000 98595,"[""9f564fef13bb8a7f9faa5f9071e4e045.jpg""]",images/service/1696938990firms 1.jpeg,"No. 95, Q block, 3rd Avenue, Anna Nagar, Chennai, Tamil Nadu - 600 040","Pearl has been designed keeping in mind the stars of the business world. Be it any boardroom meetings, high calibre gatherings, product launches or press conferences - Pearl ensures that your event becomes the talk of the town with its exquisite atmosphere. What’s more, guests get a grand warm welcome with a touch magic projection with event details at the entrance. With ample parking amenities and plush decorated lawns, Pearl is the right choice to take your business visions to the next level.",,https://www.google.com/maps/embed?pb=!1m18!1m12!1m3!1d3886.1366733648883!2d80.21525967420686!3d13.090523412261597!2m3!1f0!2f0!3f0!3m2!1i1024!2i768!4f13.1!3m3!1m2!1s0x3a5265fd88071609%3A0xd5505e14c684fef5!2sFirm's%20Banquet%20Hall%20-%20Anna%20Nagar!5e0!3m2!1sen!2sin!4v1696940285997!5m2!1sen!2sin,13.090518,80.217835,premium,true,,227,mail@firmsbanquet.com,firmsbanquet.com,//www.facebook.com/FirmsBanquet,//twitter.com/firmsbanquet,//www.instagram.com/firmsbanquet/,,firm's-banquet-hall,2023-10-10 11:56:30+00,2025-12-18 01:00:12+00
b1286608-ff1f-4155-8c6b-bcbbeed7bd0b,,Healthcare,Rela Institute and Medical Centre,Chromepet,17,90,80000.00,,,78000.00,2,Monday - Sunday,00:00:00,23:59:00,,,,+91 93846 81770,"[""ff1418e8cc993fe8abcfe3ce2003e5c5.jpg""]",images/service/1695386299rela 1.jpg,"No. 7, CLC Works Road, Chromepet, Chennai, Tamil Nadu - 600 044","Rela Hospital, an International Medical facility, is a quaternary care hospital dedicated to fostering and responding to the needs of a diverse patient population. The hospital has the highest quality healthcare in India, as well as access to cutting-edge technology and experienced, caring medical professionals. The hospital is committed to being an internationally significant health care system with the state-of-the art infrastructure facilities.",Hospital,https://www.google.com/maps/embed?pb=!1m18!1m12!1m3!1d124403.04159534477!2d80.10055184402113!3d12.997732614364914!2m3!1f0!2f0!3f0!3m2!1i1024!2i768!4f13.1!3m3!1m2!1s0x3a525f27fc049c1f%3A0xb4dcb75b95f1fe93!2sRela%20Hospital%20-%20Multispeciality%20Hospital%20in%20Chennai%2C%20India!5e0!3m2!1sen!2sin!4v1696501366427!5m2!1sen!2sin,12.954990,80.138581,premium,true,,145,info@relainstitute.com,//www.relainstitute.com/,//www.facebook.com/dr.relainstitute/,//twitter.com/Rela_Institute,//www.instagram.com/relainstitute/,,rela-institute-and-medical-centre,2023-09-22 12:38:19+00,2025-12-28 11:12:31+00
b13de726-4b41-4019-a5ae-2439541bfe95,,"Residential,      Commercial,      Industrial,      Villas,      Apartments, Joint venture",Radiance Realty Developers India,Guindy,42,"280,281,282,287,289,290,293",45000.00,,,40000.00,11,Monday - Saturday,09:30:00,18:30:00,,,,044-43470970,"[""6d584275cddaca779560a6c0a46ac90a.jpg""]",images/service/1697443440real 4.webp,"New No. 111, Old No. 110, Radiance Towers, 1st Floor, 33 Feet Road, Anna Salai, Guindy, Chennai, Tamil Nadu - 600 032","Radiance Realty, a leading real estate player based in Chennai, is built on a legacy of tradition and is driven by the verve and vigour of youth. A formidable force in the Indian real estate industry with a nationwide presence, Radiance Realty is dedicated to providing premium housing solutions designed for the 21st century and is committed to exceed customers’ expectations. Every project of Radiance Realty is designed and built on a strong foundation of customer centric innovation and perfection. Featuring the latest amenities and the most modern designs, it focuses on delivering luxurious lifestyle options that are suited to the discerning homeowner. With the promoters having a background of over 70+ years of experience in construction, Radiance Realty has been a welcome part of many new beginnings and hopes to be a part of yours as well.",,https://www.google.com/maps/embed?pb=!1m18!1m12!1m3!1d3887.350596018441!2d80.21770617510904!3d13.013331613961968!2m3!1f0!2f0!3f0!3m2!1i1024!2i768!4f13.1!3m3!1m2!1s0x3a5267ac126c5c79%3A0x8f6eca1e103e1bb2!2sRadiance%20Realty%20Developers%20India%20Ltd!5e0!3m2!1sen!2sin!4v1696877147169!5m2!1sen!2sin,13.013326,80.220281,standard,false,,104,chennai@radiancerealty.in,http://radiancerealty.in/,https://www.facebook.com/RadianceRealtyDevelopers/,https://twitter.com/radiancerealty,https://www.instagram.com/radiancerealty_official/,https://www.linkedin.com/company/radiancerealty-official,radiance-realty-developers-india,2023-09-30 19:27:18+00,2025-12-14 12:37:12+00
b144f4ce-a98a-476a-90ab-709df052fcba,,Wedding hall,M Weddings  Convention Centre,Vanagaram,15,33,150000.00,,,498000.00,-232,Monday - Sunday,10:00:00,19:00:00,,,,+91 76018 44844,"[""be4e02ac094a09d32e3c09b34f3883a2.webp"",""89b9c689a57b82e59074c6ba09aa394d.webp"",""024d2d699e6c1a82c9ba986386f4d824.webp"",""0afa92fc0f8a9cf051bf2961b06ac56b.webp"",""72bcba983cd3b0bf1d4251311d8b3772.webp"",""fecbfa88f364df34c32702b62f11a7d9.webp""]",images/service/1695454328m 1.webp,"No. 98/99, Vanagaram-Ambattur Road, Adayalampattu, Chennai, Tamil Nadu - 600 095","People have experiences, and then there are events, which are points in time that they will remember for the rest of their lives. Events are the ones that people will remember. These events will leave an everlasting stamp on their hearts, and they will never forget them. The M Weddings & Convention Centre, which is considered to be one of the most luxurious and largest venues in Chennai, is where these events are brought to life.The cutting-edge technology, the industry-leading integrated food and beverage service, and the stunning location all come together in a seamless manner to provide you with the opportunity to concentrate on the things that are genuinely important to you without any distractions. Step into an incredible experience.",,https://www.google.com/maps/embed?pb=!1m14!1m8!1m3!1d62184.39112438367!2d80.081414!3d13.0659142!3m2!1i1024!2i768!4f13.1!3m3!1m2!1s0x3a5263d904ccafe5%3A0xcd60636ce77d46e7!2sM%20Weddings%20%26%20Conventions!5e0!3m2!1sen!2sin!4v1695454695090!5m2!1sen!2sin,13.065914,80.151452,premium,true,,370,bookings@mconventions.com,//www.mconventions.com/,,,,,m-weddings--convention-centre,2023-09-23 07:32:08+00,2025-12-29 12:44:42+00
b239d7dd-97c9-430e-ac74-3cf67ec02e16,,"Corporate Shifting,   Packing,   Unpacking,   Transport Seervices,   Household Vacating",Sri Ellaiamman Packers & Movers,Nandanam,19,"49,50,55",12500.00,Service,,,0,Monday - Sunday,08:00:00,22:00:00,,,,+91 98402 41682,"[""7f2111cbef86a223862e0fdd2577705c.jpg""]",images/service/1697110185ellaiamman 1.jpg,"No. 58/20, Sathiya Moorthy Nagar, Nandanam, Chennai, Tamil Nadu - 600 035","Sri Ellaiamman Packers & Movers is extraordinary compared to other driving and exceptionally proficient specialist co-op for packers and movers all over chennai. We give Total Relocation Solutions to our customers and clients and keep up a more elevated level of fulfillment and satisfaction, accordingly we get our 75% of business from the reference we get from our perpetual rundown of fulfilled customers and clients Our example of overcoming adversity is fragmented without the notice of our staff who has worked throughout each and every day to arrive at this situation of pride We have a group of master experts who are knowledgeable in there region of activity to guarantee inconvenience free and agreeable transportation ,we talk about every one of the degrees of our administrations with our client.",2 BHK shifting,https://www.google.com/maps/embed?pb=!1m18!1m12!1m3!1d124384.98546916325!2d80.16069954467912!3d13.033710880931528!2m3!1f0!2f0!3f0!3m2!1i1024!2i768!4f13.1!3m3!1m2!1s0x3a52673a7b688a19%3A0xd1e4957da4181b8!2sSri%20Ellaiamman%20Packers%20%26%20Movers!5e0!3m2!1sen!2sin!4v1697110304873!5m2!1sen!2sin,13.033724,80.243101,standard,true,,92,info@seapackersmovers.com,//seapackersmovers.com/,,,,,sri-ellaiamman-packers-&-movers,2023-10-12 11:29:45+00,2025-12-02 07:15:46+00
b2bac85c-495d-43da-ba51-5650e5585b31,,Veg Caterer,Sree Gnanambika Catering Services,Chromepet,11,36,400.00,Plate,,,0,Monday - Sunday,00:00:00,12:00:00,,,,+91 96989 33129,"[""6e187996e9cc9d93c5f4452695768290.jpg"",""2d00f43f07911355d4151f13925ff292.jpg""]",images/service/1697284665k-e-catering-services.jpg,"No. 11, Sivakami Nagar, 1st Main Road, Hasthinapuram, Chromepet, Chennai, Tamil Nadu - 600 044","Sree Gnanambika Catering Services is a premium 100% Vegetarian catering service based in Chennai that has been operating for 15 years. Because of our vast domain experience, customers from all over the city want our catering services. Our skilled chefs create delicious meals and have a wealth of industry expertise. Due to our expertise, we are able to offer our clients a variety of skillful services according to the situation. We're getting more and more customers to choose us first because of our services. Depending on their preferences and financial situation, our customers can select a meal. We offer unparalleled style and look. We have a reputation for being on time and providing food as requested by customers. For birthday parties, betrothals, weddings, and other occasions, we provide a variety of services. We tailor our cuisine and recipes to each customer and occasion. We develop recipes that fit your budget and provide the greatest cuisine for your unique occasion. Our talented chefs create a wide range of mouthwatering treats for our patrons. Our customers are pleased with our dependable and effective catering.",Veg -  400,https://www.google.com/maps/embed?pb=!1m18!1m12!1m3!1d124406.17876499523!2d80.1001324939068!3d12.991471570185187!2m3!1f0!2f0!3f0!3m2!1i1024!2i768!4f13.1!3m3!1m2!1s0x3a525e558bbd21b9%3A0x201bcc1a5a7d37e6!2sSree%20Gnanambika%20Catering%20Services%20-%20Brahmin%20Wedding%20Catering%20Services%20in%20Chennai!5e0!3m2!1sen!2sin!4v1696498929818!5m2!1sen!2sin,12.937168,80.146425,premium,true,,373,sreegnanambikacatering@gmail.com,//www.sreegnanambikacatering.com/,,,,,sree-gnanambika-catering-services,2023-09-22 09:12:25+00,2025-12-14 05:46:01+00
b41139d9-778d-4788-bd02-e165f3dee4c1,,"Salsa,  Zumba",The Swingers Dance Studio,Kilpauk,24,"66,79",8000.00,,,8000.00,0,Monday - Sunday,10:30:00,20:00:00,Saturday - Sunday,,,+91 89398 91890,"[""3070e6addcd702cb58de5d7897bfdae1.jpeg""]",images/service/169657121560940AFD-1142-4E27-B8FC-0D58B647C0EC.jpeg,"No. 101, 102, Star Towers, 3rd Floor, New Avadi Road, Kilpauk, Chennai, Tamil Nadu - 600 010","The Swingers dance studios are specifically constructed, spacious dance studios and are located in central areas of Chennai (India) Bangalore (India). In addition to just teaching, our studio also strives to create an aura of the dance and performance worlds by displaying student dance art and publicizing dance-related programs. Our avant-garde approach has led to our success and popularity as one of the foremost dancing studios in India and Middle East. Swingers Dance studio is an immense source of inspiration for those who want to make dance a part of their lives.",,https://www.google.com/maps/embed?pb=!1m18!1m12!1m3!1d3886.2336031065765!2d80.23126747511003!3d13.084376212395663!2m3!1f0!2f0!3f0!3m2!1i1024!2i768!4f13.1!3m3!1m2!1s0x3a5265d4e447fbb1%3A0x320418ec305716f4!2sThe%20Swingers%20Dance%20Studio!5e0!3m2!1sen!2sin!4v1696858493751!5m2!1sen!2sin,13.084371,80.233842,premium,true,,271,swingers.dance@gmail.com,https://www.swingersdance.com/main/,https://www.facebook.com/theswingersdance/,,https://www.instagram.com/swingersdanceofficial/,,the-swingers-dance-studio,2023-10-03 12:04:35+00,2025-12-28 11:18:40+00
b5218a49-7983-45cc-a6d7-f3b1d564d6cb,,Luxury car rental,Smile Cars,Anna Nagar,38,250,3000.00,,,2800.00,7,Monday - Sunday,06:00:00,05:59:00,,,,044-43850256,"[""a01f3ca6e3e4ece8e1a30696f52844bc.jpg""]",images/service/1697459202smile 22.jpeg,"No. 1076, O block, 44th Street, TVS Colony, Anna Nagar West Extension, Chennai, Tamil Nadu - 600 101","Smile Cars offers the best self-drive cars in Chennai! They range from small to big cars and low-cost to luxury vehicles, all sanitized and safe to rent. You rent our low cost cars with our very flexible and smooth process. You enjoy the experience of driving the vehicle you choose, and you return it after you complete your journey. While you do all this, you're happy and smiling throughout the journey from enquiring to returning the car. In short - Choose a self-drive car from our website and send an enquiry to us. We will get back to you shortly. We hope to serve customers with a smile and ensure that they are smiling till the end. It's why we are called Smile Cars.",Out station Rental cars,https://www.google.com/maps/embed?pb=!1m18!1m12!1m3!1d31091.379284770996!2d80.17768222717262!3d13.072394051245123!2m3!1f0!2f0!3f0!3m2!1i1024!2i768!4f13.1!3m3!1m2!1s0x3a5263f7de0b00b3%3A0xafbb75c9304190c9!2sSMILE%20CARS!5e0!3m2!1sen!2sin!4v1696842492203!5m2!1sen!2sin,13.090147,80.186464,premium,true,,519,info@smilecars.net,//www.smilecars.net/,,,,,smile-cars,2023-09-30 12:14:16+00,2025-12-30 05:32:29+00
b5b32c84-c2bc-4199-9c9b-49dc83f54f84,,"Head and Neck Cancer Clinic,            Thyroid Diseases Clinic,            Swallowing Disorders Clinic,            Voice and Airway Clinic,   Snoring Clinic,   Comprehensive ENT",THANC Hospital,Kilpauk,29,301,600.00,Charge,,,0,Monday - Sunday,00:00:00,23:59:00,,,,+91 73977 68795,"[""f1398d2c9b3610251169157332225c49.jpg""]",images/service/1697545670tank 1.jfif,"No. 747, Poonamallee High Road, Alagappa Nagar, Kilpauk, Chennai, Tamil Nadu - 600 010","The Head and Neck Centre & Hospital (THANC Hospital) is a one of its kind super specialty hospitals that caters to treatment of head and neck cancers, swallowing, voice, thyroid, snoring and ENT (Ear, Nose & Throat) problems. When medical expertise and compassion join hands with advanced technology, the result is extraordinary patient care and treatment outcomes. THANC hospital aspires to treat every head and neck patient with the best medical care and also ensure their lives are not debilitated by their disease.",General Consultation,https://www.google.com/maps/embed?pb=!1m18!1m12!1m3!1d3886.3603427255343!2d80.2325690751098!3d13.076334212573284!2m3!1f0!2f0!3f0!3m2!1i1024!2i768!4f13.1!3m3!1m2!1s0x3a5267aea27f69b3%3A0x9308bd8e3848cd98!2sTHANC%20Hospital!5e0!3m2!1sen!2sin!4v1696858085239!5m2!1sen!2sin,,,standard,true,,188,admin@thanchospital.com,//www.thanchospital.com/,//m.facebook.com/thanchospital/,,//www.instagram.com/thanc_hospital/?hl=en,//in.linkedin.com/in/dr-vidhyadharan-sivakumar-b76730b5,thanc-hospital,2023-10-04 07:12:15+00,2025-12-29 22:55:25+00
b5e5a10b-8526-46ef-8bb8-b06b3dc552bd,,"Non veg,  Veg",Sri Janani Catering Service,Vadapalani,11,256,400.00,Plate,,,0,Monday - Sunday,06:00:00,23:00:00,,,,+91 98407  03703,"[""a4d2f0d23dcc84ce983ff9157f8b7f88.jpg""]",images/service/1697011610sri 2.jpg,"No. 34, Alagiri Nagar Main Road, Vadapalani, Chennai, Tamil Nadu - 600 026","We are on a journey to enhance your special events be it personal or corporate events, with our wide range of menu choices from traditional South Indian Specialities to modern international dishes.",Veg -  400,https://www.google.com/maps/embed?pb=!1m18!1m12!1m3!1d3886.7104621287385!2d80.21122517510952!3d13.05409281306425!2m3!1f0!2f0!3f0!3m2!1i1024!2i768!4f13.1!3m3!1m2!1s0x3a5266e88cd6d32b%3A0xba32d26fac20f3e7!2sSri%20Janani%20Catering%20Service!5e0!3m2!1sen!2sin!4v1697524374227!5m2!1sen!2sin,13.054088,80.213800,premium,true,,170,admin@srijananicatering.in,//www.srijananicatering.in/,//www.facebook.com/SriJananiCateringService,,//www.instagram.com/sri_janani_catering_/,,sri-janani-catering-service,2023-10-11 08:06:50+00,2025-12-13 20:18:22+00
b69cf932-0305-4c16-b98c-0c56570124fd,,Weight Loss,SLAM Lifestyle And Fitness Studio,Nandanam,28,266,8500.00,Year,,,0,Monday - Sunday,05:30:00,12:00:00,,,,044-43562288,"[""8c53d30ad023ce50140181f713059ddf.jpg""]",images/service/1696931815slam 22.jpg,"No. 67, 2nd & 3rd Floor, Pasumpon Muthuramalinga Thevar Road, Nandanam, Chennai, Tamil Nadu - 600 035",Slam is one of the best fitness centers in Chennai. Our customized designs will help to enjoy the best experience of your life.,Overall Fitness,https://www.google.com/maps/embed?pb=!1m18!1m12!1m3!1d3887.097203807736!2d80.2452691742059!3d13.029481613608397!2m3!1f0!2f0!3f0!3m2!1i1024!2i768!4f13.1!3m3!1m2!1s0x3a5267b14c6050cf%3A0xf8e8b7ad43ddf9e9!2sSLAM%20Lifestyle%20And%20Fitness%20Studio%20(Nandanam)!5e0!3m2!1sen!2sin!4v1696940552285!5m2!1sen!2sin,13.029476,80.247844,premium,true,,1320,shabnam@paulsons.in,//slamfitnessstudio.in/franchise/,//www.facebook.com/slamfitnessindia/,//twitter.com/slamfitness?lang=en,//www.instagram.com/slamfitnessstudio,,slam-lifestyle-and-fitness-studio,2023-10-10 09:56:55+00,2025-12-30 07:42:46+00
b6ced0eb-709e-4be7-bd16-9653b825145c,,"Athletics,       Marathon,       Varma,       Acupuncture,       Yoga,  General fitness",Mach Sports Academy,Pallavaram,35,219,1000.00,Month,,,0,Monday - Sunday,05:30:00,19:30:00,,,,+91 94445 22767,"[""f5cfbc876972bd0d031c8abc37344c28.avif""]",images/service/1696583528sports.jpg,"No. 53, P.V. Vaidhyalingam Road, Old Pallavaram, Chennai, Tamil Nadu - 600 117","Mach Sport Academy provides you unprecedented sporting facilities for Athletics, Marathon, Road races, Cross country training, General Fitness (for six to sixty years) Sports specific fitness (Lawn tennis, Basketball, Badminton, Table tennis, and other games.) Physiotherapy, for youngsters, individual and corporate, the opportunities to learn, play, injury and illness prevention, wellness promotion to improve and excel in sports.",Yoga,https://www.google.com/maps/embed?pb=!1m18!1m12!1m3!1d3888.1728871811683!2d80.15903337420474!3d12.96078651511705!2m3!1f0!2f0!3f0!3m2!1i1024!2i768!4f13.1!3m3!1m2!1s0x3a525e411b21c7e9%3A0xdf6acea28ef4bf51!2s53%2C%20PV%20Vaithiyalingam%20Rd%2C%20next%20to%20Ashwini%20Fabrics%2C%20opposite%20to%20Vijay%20General%20Stores%2C%20Malliga%20Nagar%2C%20Krishnapuram%2C%20Old%20Pallavaram%2C%20Chennai%2C%20Tamil%20Nadu%20600117!5e0!3m2!1sen!2sin!4v1696584514343!5m2!1sen!2sin,12.905936,80.153332,premium,false,,238,coach.chandrabose@gmail.com,//www.machsportsacademy.com/,//www.facebook.com/chandraboseg.g?ref=br_rs,,//www.instagram.com/machsportsacademy/,,mach-sports-academy,2023-09-28 14:31:22+00,2025-12-28 20:28:53+00
b7069ff3-6ff9-4701-a311-e74205465486,,"Oil replacement,   Car Service",S Drive Multibrand Car Service,Navalur,25,22,5000.00,Charge,,,0,Monday - Saturday,08:00:00,21:00:00,Sunday,09:00:00,18:00:00,+91 98846 73399,"[""eb9fc349601c69352c859c1faa287874.avif""]",images/service/1696575334s drive.jpg,"New No. 10, Old No. 33,  Rajiv Gandhi Salai (OMR), Navalur, Chennai, Tamil Nadu - 600 130","S Drive is a workshop majoring in multi-brand car repair and service in and around Tamil Nadu. Since the foundation, S Drive has been evolving a durable relationship with its clients.S Drive is a compilation of 20+ workstations put together in one roof. Our man’s experience would come to around 350+ years of total experience.",General Service,https://www.google.com/maps/embed?pb=!1m18!1m12!1m3!1d3890.022442993499!2d80.227491!3d12.8418262!2m3!1f0!2f0!3f0!3m2!1i1024!2i768!4f13.1!3m3!1m2!1s0x3a525b46ade7102f%3A0xd7ee1e7395c472d2!2sS%20Drive%20Multibrand%20Car%20Service%20-%20OMR!5e0!3m2!1sen!2sin!4v1695878331689!5m2!1sen!2sin,12.841826,80.227491,standard,true,,347,helpdesk.sdrive@gmail.com,//sdrive.co.in/index.php,//www.facebook.com/sdriveindia,,//instagram.com/sdrive_india,,s-drive-multibrand-car-service,2023-09-28 05:16:52+00,2025-12-10 17:12:29+00
b8ef6016-ed2e-4f3b-a526-fdb09685e466,,"Wedding,      Maternity Shoot,      Kids Photoshoot,      Portrait Shoot,      Pre / Post Wedding Shoot",Zero Watts Photography,Vadapalani,33,"44,45,46,47",160000.00,Service,,,0,Monday - Sunday,09:30:00,20:00:00,,,,+91 89397 00777,"[""7d1e6b02af59efefd53323255d6ded3d.jpeg""]",images/service/1696871730hggh.jpeg,"No. 1/2, First Floor, Duraiswamy Road, Dr. Subbaraya Nagar, Vadapalani, Chennai, Tamil Nadu - 600 026","Some moments that pass in a fraction of a second could be the ones that you want to carry in your heart forevermore. How about some love moments at your wedding? A one where you got quite emotional, a one where you were overjoyed, a one which got you stunned and many tiny sprinkles of beautiful emotions. Won’t you always want to visit those moments again? Freeze the moment and it can never be bound by time. Freeze those aesthetic moments and revisit them to re-experience the joy of living through those joyous moments. We at Zero Watts freeze your aesthetic moments aesthetically. We have been freezing moments, memories and joy since 2017. Ever since we started looking at your beauteous moments through our lens, we couldn’t stop ourselves from admiring them. We don’t stop with just setting frames, we search for your joy. We don’t stop looking for angles, we freeze your emotions. We know how precious every moment at your wedding is so we have taken the effort to understand what could mean boundlessly to you and we never give it a chance. Treasure your fairy tale wedding and double check that you do it with Zero Watts.",Standard and Premium Wedding packages,https://www.google.com/maps/embed?pb=!1m18!1m12!1m3!1d3886.770870176644!2d80.21217677510947!3d13.050251613148964!2m3!1f0!2f0!3f0!3m2!1i1024!2i768!4f13.1!3m3!1m2!1s0x3a52514c9a0044a3%3A0xd8145b5a60a87aae!2sZero%20Watts%20Photography!5e0!3m2!1sen!2sin!4v1697527277923!5m2!1sen!2sin,13.050246,80.214752,premium,true,,581,zerowattsstudios@gmail.com,//zerowattsphotography.com/,//www.facebook.com/Zerowattsphotography/,//twitter.com/zwstudios?lang=en,//www.instagram.com/zerowattsphotography/?hl=en,,zero-watts-photography,2023-09-30 21:21:14+00,2025-12-30 05:42:42+00
b96288e7-94d4-40cd-ab19-51bb7ddda1bf,,Hair cut,Green Trends,Perungudi,22,111,215.00,,,,0,Monday - Sunday,09:30:00,21:00:00,,,,+91 98408 50088,"[""3c88c1db16b9523b4dcdcd572aa1e16a.jpg""]",images/service/1695722350green trends 1.jpg,"No. 6, First floor, MGR Main Rd, Perungudi, Chennai, Tamil Nadu -  600 096","FMCG giant Cavinkare established with a top-class professional, unisex salon chain called “Green Trends” to make beauty and styling accessible to all. With 375+ salons in 50+ cities, green trends bring affordable beauty & styling services to the nation. Green Trends provides affordable head-to-toe grooming, beauty, and styling with scientifically planned treatments using world-class products and trained skin and hair professionals. Green Trends' 'culture of consultation' allows our certified specialists to hand-pick products and recommend salon services for each customer based on the belief that beauty and style are unique. Green trends have over 20 lac devoted consumers and are expanding because of continuous service innovation and salon experience focus.","Men, Women & Kids Hair cut and more.",https://www.google.com/maps/embed?pb=!1m14!1m8!1m3!1d15552.34870412199!2d80.2410215!3d12.9662733!3m2!1i1024!2i768!4f13.1!3m3!1m2!1s0x3a525dd27cdb20c5%3A0xdc00b1940a631b17!2sGreen%20Trends%20-%20Unisex%20Hair%20%26%20Style%20Salon!5e0!3m2!1sen!2sin!4v1695722376044!5m2!1sen!2sin,12.966733,80.246083,premium,true,,1324,ceo@cktrends.in,//www.mygreentrends.in/,//www.facebook.com/mygreentrends/,//twitter.com/mygreentrends,//www.instagram.com/greentrendssalon/,,green-trends,2023-09-26 09:59:10+00,2025-12-30 08:34:01+00
ba0afe94-4047-4edb-b6e3-631e4beb5636,,"Weight Training,   Yoga,   Fight Clubs,   Aerobics",FITFLIX Gym,Anna Nagar,28,"266,261,264",10000.00,Month,,8000.00,20,Monday - Saturday,05:30:00,23:00:00,Sunday,06:00:00,12:00:00,+91 63820 80309,"[""b1c00bcd4b5183705c134b3365f8c45e.jpg""]",images/service/1696935413fit flix22.jpg,"Fitflix Gyms, Ground Floor, Karuna Conclave, 4th Avenue, Shanthi Colony, Anna Nagar, Chennai, Tamil Nadu - 600 040","FITFLIX gym is India’s fastest growing premium gym chain brand. We adhere to deliver optimal health and wellness solutions to improve your lifestyle. We help our clients to reach their fitness goals through our variety of services. Science is our basis for tailored training programmes to train our clients.
We FITFLIX Gyms has started with vision FIT INDIA to help our nation getting fitter, stronger and healthier.",Overall Fitness,https://www.google.com/maps/embed?pb=!1m18!1m12!1m3!1d3886.2590769508556!2d80.20599367420678!3d13.082760212433195!2m3!1f0!2f0!3f0!3m2!1i1024!2i768!4f13.1!3m3!1m2!1s0x3a526565fcd286d3%3A0x9d3135772b0600a1!2sFITFLIX%20GYM%20ANNANAGAR%20-%20Best%20Premium%20Gym%20in%20Chennai!5e0!3m2!1sen!2sin!4v1696940403014!5m2!1sen!2sin,13.082755,80.208569,premium,true,,1855,info@fitflixgyms.com,//www.fitflixgyms.com/,,,,,fitflix-gym,2023-10-10 10:56:53+00,2025-12-30 06:30:15+00
bbd93496-be5a-47f4-9753-f9cb671d5cae,,"Veg,   Non Veg",Sri Saibala Catering,Kovilambakkam,11,256,400.00,,,,0,Monday - Sunday,00:00:00,23:59:00,,,,+91 99948 30379,"[""ad16fe8f92f051afbf656271afd7872d.jpg""]",images/service/1695374824sri saibal 1.png,"No. 5/484, Dr. Ambedkar Nagar, Karunai Sekar Nagar, Nanmangalam, Kovilambakkam, Chennai, Tamil Nadu - 600 129","One of the best South Indian cuisine providers in Chennai's Veg Caterers category is Sri SaiBala Catering Services, located in Nanmangalam. This popular firm operates as an all-encompassing destination in Chennai, catering to both local and out-of-town clients. We provide innovative and unique vegetarian and non-vegetarian food.  We provide the greatest catering services in Chennai to make every occasion memorable and every celebration exceptional. As the best caterers in Chennai, we have a very creative embodiment of our desire to create the ideal outdoor catering experience and wedding event. As the top caterers in Chennai, we have successfully managed events for more than 10 years, and our extremely innovative approach embodies our ambition to design the perfect wedding and outdoor catering. As one of our unique offerings, we entertain the catering menu by tailoring it to the tastes of our patrons. We also put a lot of effort into keeping the quantity of mouthwatering South Indian cuisine affordable. Throughout the entire event, our energetic crew will be on hand to assist and respond to the needs of your visitors.",,https://www.google.com/maps/embed?pb=!1m18!1m12!1m3!1d3888.578796709982!2d80.17485577420435!3d12.934771215686423!2m3!1f0!2f0!3f0!3m2!1i1024!2i768!4f13.1!3m3!1m2!1s0x3a525f1419f33fa5%3A0x9623139a89a22758!2sSri%20saibala%20catering%20service!5e0!3m2!1sen!2sin!4v1696499032410!5m2!1sen!2sin,12.934502,80.177485,premium,true,,433,srisaibalacatering@gmail.com,//www.srisaibalacatering.com/,,,,,sri-saibala-catering,2023-09-22 09:27:04+00,2025-12-27 09:24:19+00
bc2d7c15-86e4-439d-9cc2-e3923a9fecfa,,Surfing,MUMU Surf School,Mahabalipuram,21,14,1600.00,Day,,,0,Monday - Sunday,08:00:00,18:00:00,,,,+91 99401 87085,"[""026a39ae63343c68b5223a95f3e17616.jpg""]",images/service/1696422189surf 1.jpg,"No. 175, Othavadai Street, Fisherman Colony, Mahabalipuram, Tamil Nadu - 603 104","We offer a variety of different lessons and packages for 1 or more people from beginner to advanced. Please give us a quick call or send a message before you come, so that we are prepared for your lesson.",Surfing,https://www.google.com/maps/embed?pb=!1m18!1m12!1m3!1d3893.429934666809!2d80.19560417510411!3d12.619776122494072!2m3!1f0!2f0!3f0!3m2!1i1024!2i768!4f13.1!3m3!1m2!1s0x3a53acad8fc03d73%3A0xe74e63fe95eb282d!2sMUMU%20SURF%20SCHOOL!5e0!3m2!1sen!2sin!4v1696857362229!5m2!1sen!2sin,12.619771,80.198179,premium,true,,360,mumusurfschool@gmail.com,//mumusurfindia.com/,//www.facebook.com/mumusurfschool,,//www.instagram.com/mumusurfschool/,,mumu-surf-school,2023-10-04 12:23:09+00,2025-12-14 02:46:43+00
bd26dd8e-d2d9-4c63-8a88-7c7447f4b727,,Modern Dance,Danzza Institute Of Modern Dance,Teynampet,24,64,3000.00,,,3000.00,0,Monday - Sunday,10:00:00,22:00:00,,,,+91 98416 73141,"[""c4d2ce3f3ebb5393a77c33c0cd95dc93.jpg""]",images/service/1696331486danzaa 1.jpg,"No. 2, Ashoka Street, Sriram Colony, Abiramapuram, Teynampet, Chennai, Tamil Nadu - 600 018",One of the largest dance studios in Chennai focused passionately on providing dance training with quality.,,https://www.google.com/maps/embed?pb=!1m18!1m12!1m3!1d3887.0245574830074!2d80.25298717510933!3d13.034108113504663!2m3!1f0!2f0!3f0!3m2!1i1024!2i768!4f13.1!3m3!1m2!1s0x3a5267ca9a28c051%3A0x3b26f816b6104789!2sDanzza%20Institute%20Of%20Modern%20Dance!5e0!3m2!1sen!2sin!4v1696859202741!5m2!1sen!2sin,13.034160,80.254969,standard,true,,172,danzzachennai@gmail.com,,https://www.facebook.com/danzzachennai,,,,danzza-institute-of-modern-dance,2023-10-03 11:11:26+00,2025-12-28 11:05:29+00
bf432792-8341-4abd-b57b-fa4840ee534c,,"Gynaecology,   Fertility,   Neonatology,   Cosmotology,   General Surgery,   Radiology,   Physiotheraphy,   Pediatrics,  Pregnancy care",Motherhood Hospital,Alwarpet,17,"93,94",40000.00,,true,37000.00,7,Monday - Sunday,00:00:00,23:59:00,,,,+91 84948 00098,"[""0e087ec55dcbe7b2d7992d6b69b519fb.jpg""]",images/service/1696496902appa samy.webp,"No. 542, TT Krishnamachari Road, Opp to Indian Terrain, Alwarpet, Chennai, Tamil Nadu - 600 018","Motherhood is a speciality hospital chain that provides comprehensive women & childcare in a homely and comfortable environment. We are known for our compassionate and efficient service, along with our drive to enhance every aspect of a woman’s life through our commitment to excellence. Since our inception, we have expanded to not only provide care for women, but to also make sure that young children receive pediatric healthcare of the same promised quality. Our greatest pride lies with our integrated brand leading in providing holistic care for women and children. From puberty through womanhood and old age, we seek to provide diagnoses and treatments for all kinds of gynaecological and reproductive health conditions that a woman might suffer through during her lifetime. We lead in providing care that ensures smooth labour and delivery without any complications, all while protecting the dignity of the mothers and enabling them to make informed decisions with our full and continuous support. Similarly, our childcare also provides diagnoses and treatments for the entire lifecycle of children, starting from the fetal stage and spanning all the way till adolescence and young adulthood. We monitor their growth and supply vaccination to ensure that they lead healthy lives to their fullest extent. Our superior service is only aided by our state-of-the-art technology and infrastructure, which guarantee an experience of the highest quality.",Hospital,https://www.google.com/maps/embed?pb=!1m18!1m12!1m3!1d124406.61266728769!2d80.128386793891!3d12.99060537099045!2m3!1f0!2f0!3f0!3m2!1i1024!2i768!4f13.1!3m3!1m2!1s0x3a5267b4336e6a1d%3A0xb46e591bbe7831e1!2sMotherhood%20Hospital%20-%20Alwarpet%2C%20Chennai!5e0!3m2!1sen!2sin!4v1698384624573!5m2!1sen!2sin,13.031240,80.251122,standard,true,,139,writetous@motherhoodindia.com,//www.motherhoodindia.com/locations/chennai/?utm_source=gmb_mhi&utm_medium=localseo&utm_campaign=chennai,//www.facebook.com/MotherhoodIndia,//twitter.com/MotherhoodIndia,//www.instagram.com/india_motherhood/?hl=en,//www.linkedin.com/company/motherhood/,motherhood-hospital,2023-09-22 10:26:05+00,2025-12-28 10:52:11+00
c0060b9e-b1fa-430d-8242-c91348ae8dd5,,"Birthday Party,   Wedding Hall,   Corporate Events",Kesar Banquet Hall,Royapettah,15,"32,33",55000.00,Day,,,0,Monday - Sunday,09:00:00,20:00:00,,,,+91 90922 60001,"[""c4bfbf68f5d8d0f8b9a0752ca08ea01d.jpg""]",images/service/1696940154kesar 1.jpg,"No. 1, Sripuram 1st Street, Near Deccan Inn Hotel, Jagadambal Colony, Durgapuram, Royapettah, Chennai, Tamil Nadu - 600 014",“Wedding is the beginning of a beautiful journey where two hearts meet in a perfect rhythm by living for each till the end of life.” So it needs a best-in-class preparation for two people to begin their life in front of family and friends. We aimed to provide a fascinating decoration and a comfortable ambience.,,https://www.google.com/maps/embed?pb=!1m18!1m12!1m3!1d124378.77798189408!2d80.1858240449053!3d13.04605726946317!2m3!1f0!2f0!3f0!3m2!1i1024!2i768!4f13.1!3m3!1m2!1s0x3a52662f15d4b8a5%3A0xe621753fec33791a!2sKesar%20Banquet%20Hall!5e0!3m2!1sen!2sin!4v1696940241718!5m2!1sen!2sin,13.046070,80.268226,standard,true,,153,kesarbanquethall@gmail.com,//thekesarbanquethall.com/,//www.facebook.com/kesar.hall,,//www.instagram.com/kesar_banquet_hall/,,kesar-banquet-hall,2023-10-10 12:15:54+00,2025-12-18 01:04:55+00
c135dc07-d9ec-4b51-945d-76ecec92c867,,"Continental,      Italian,      Mexican,      Desserts,      Beverages,      Cocktails, Fast food",Garrison,Egmore,36,41,2000.00,,,1500.00,25,Monday - Sunday,11:00:00,23:00:00,,,,+91 97827 27278,"[""84a529a92de322be42dd3365afd54f91.avif""]",images/service/1698316930garrison.jpg,"Garrison, Tamil Salai, Egmore, Chennai, Tamil Nadu - 600 008","At the soul of world history & the 20th century, lay central London and its taverns that gleamed yellow amidst the industrial era’s coal and fire. The celebrations and festivities that were contained in those ale smelling walls were just something that every culture across the world could look at and envy then, as they do now. Reinvigorating the forgotten spirits of Victorian England’s taverns, what we’ve created is a culture house that brings scrumptious food, merry drinks & gung-ho emotions to 21st century Chennai. From black tailed coats to pocket watches and from crystal cut glasses to raw barrels of rum, we have birthed an experience that brings moments of past day England and Ireland closer to home.",,https://www.google.com/maps/embed?pb=!1m18!1m12!1m3!1d31091.53485731731!2d80.22096553330603!3d13.07115931388495!2m3!1f0!2f0!3f0!3m2!1i1024!2i768!4f13.1!3m3!1m2!1s0x3a5267fe50fc3969%3A0x34d3039e0280d0cc!2sGarrison!5e0!3m2!1sen!2sin!4v1696588670298!5m2!1sen!2sin,13.072329,80.255174,standard,true,,121,support@garrisonclub.in,http://garrisonclub.in/,,,,,garrison,2023-09-29 14:46:05+00,2025-09-11 01:01:30+00
c1cf0a65-a902-4e41-81b0-e8059555f5a7,,NEET Coaching,Appolo Academy,Velachery,32,128,80000.00,Year,,,0,Monday - Saturday,11:00:00,20:00:00,Sunday,09:30:00,13:00:00,+91 95007 04040,"[""a424ed4bd3a7d6aea720b86d4a360f75.jpg"",""06bf16f1f0372a63d520eac6cf7c5af7.jpg""]",images/service/1697546696appp.jpg,"No. 181, 1st Floor, Advent Church Christian Complex, Gandhi Road, Near Advent Christian Cathedral, Velachery, Chennai, Tamil Nadu - 600 042","The National Eligibility Entrance Test (NEET) determines your eligibility for studying the medical profession. We at Appolo Academy, one of the best NEET coaching centres in Chennai, understand the dream of every student to become an outstanding medical professional. We enrich our students with preparation and learning essential for the entrance test. Our programs are catered to sharpen their skills and lay a strong foundation that will benefit them throughout their lives. In 2019 National Medical Council Act was enforced, and from 2020 NEET has become a mandatory exam to get into MBBS for all medical institutions. As the Best NEET coaching centre in Chennai, we offer excellent care for getting young aspirants into some of the country’s most prestigious institutes, such as All India Institute of Medical Science (AIIMS) and The Jawaharlal Institute of Postgraduate Medical Education and Research (JIPMER).",NEET,https://www.google.com/maps/embed?pb=!1m18!1m12!1m3!1d124408.82318881704!2d80.14346294381048!3d12.986191625093904!2m3!1f0!2f0!3f0!3m2!1i1024!2i768!4f13.1!3m3!1m2!1s0x3a525d5fb466a6f1%3A0x2e01ef48599cc4ce!2sAppolo%20Academy%20-%20Best%20Neet%20Coaching%20Centre%20in%20Chennai!5e0!3m2!1sen!2sin!4v1697266956977!5m2!1sen!2sin,12.986205,80.225865,premium,true,,1521,appoloacademy@gmail.com,//appoloacademy.com,//www.facebook.com/appoloacademy,//twitter.com/AppoloAcademy,,,appolo-academy,2023-10-14 07:01:31+00,2025-12-30 04:01:17+00
c1d75770-38d8-4280-aa58-8acd689acef6,,"Helicopters,            Yacht,    Luxury bike rental,    Luxury car rental",Opulenze Luxury Car Rental Chennai,Aminjikarai,38,"250,251",6500.00,Charge,,,0,Monday - Sunday,06:00:00,05:59:00,,,,+91 73587 77888,"[""1e0f65eb20acbfb27ee05ddc000b50ec.jpg""]",images/service/16974592011697458225opu.jpg,"No. 19, B1, Kurian Complex, Nelson Manickam Road, Mehta Nagar, Chennai, Tamil Nadu - 600 029","Hilton Ronald Albert, a young entrepreneur had dreams of excelling himself to set up his own firms, in the course of which he wanted to initiate the use of Luxury cars to endeavour best of comfort in a manner of about us. He confabulated with three of his friends to execute the concept, which turned out to be a first of its kind in Chennai, the beginning of a luxurious journey of OPULENZE. These four vibrant young men, Hilton Ronald Albert, Bharath Balaji, Anoop Varghese and Prem Kumar, who were a pick of the bunch launched OPULENZE – Luxury Renters in the year 2012, picking up a position as Chennai's very first and leading pre-eminent best luxury car renters. We pledge to provide contemporary ideas and entrepreneurial vision, personally rewarding enriching experiences of Live Life King Size, a distinctive feature of vogue with an all-around excellence with innovative and intelligent luxury, weighed not by the highest sales but by winning the hearts and minds of customers.",Rental cars for Wedding,https://www.google.com/maps/embed?pb=!1m18!1m12!1m3!1d31093.467512387884!2d80.19199386129154!3d13.05581078509121!2m3!1f0!2f0!3f0!3m2!1i1024!2i768!4f13.1!3m3!1m2!1s0x3a5266858b5ac18f%3A0x360e3999c766490b!2sOPULENZE%20Luxury%20Cars%20Rental%20Chennai!5e0!3m2!1sen!2sin!4v1696838968964!5m2!1sen!2sin,13.068490,80.225846,premium,true,,264,info@opulenze.com,//www.opulenze.com/,//www.facebook.com/opulenze/,//twitter.com/opulenze,,,opulenze-luxury-car-rental-chennai,2023-09-30 11:57:37+00,2025-11-24 22:10:29+00
c2b838a8-77e2-4bb8-8f6f-eaf5e4678219,,"Maternity,    Endometriosis,    Menopause Management,    Gynecology,    Firboid Treatment,    STD in Women,    Uterus Removal",Dr. Manu's Gynecology Clinic,T. Nagar,29,330,800.00,Charge,,,0,Monday - Saturday,09:00:00,17:00:00,,,,+91 98402 84460,"[""5905aa3361a00b7d9356fa6cf222396d.jpeg""]",images/service/1697004939erthj.jpeg,"No. 20, Crescent Park Street, T. Nagar, Chennai - 600 017","Dr. Manu’s Gynecology clinics core vision is to ensure that women folk get an easily accessible and affordable high quality healthcare. What’s more important of course is to get a healthcare service from doctors who know a bit about patient empathy and love. This is where we crucially differ from other gynecologist in Chennai. Our vision is to ensure we run our clinic every day sincerely and diligently for the betterment of the women folk who toil through life being a daughter, a wife and then a mother.",General consultation,https://www.google.com/maps/embed?pb=!1m18!1m12!1m3!1d124386.25724461101!2d80.12698847559221!3d13.031179963001346!2m3!1f0!2f0!3f0!3m2!1i1024!2i768!4f13.1!3m3!1m2!1s0x3a52671aeb413b2d%3A0xfbb9444e9107589b!2sDr%20Manu's%20Gynecology%20Clinic!5e0!3m2!1sen!2sin!4v1697004934005!5m2!1sen!2sin,13.037704,80.237934,premium,true,,208,info@chennaigynecologist.com,//www.chennaigynecologist.com/?utm_source=google&utm_medium=organic&utm_campaign=gmb,//www.facebook.com/manugynecologyclinic/,,//www.instagram.com/gynecologist_manulakshmi/,//www.linkedin.com/in/dr-manu-lakshmi-868167197/,dr.-manu's-gynecology-clinic,2023-10-11 06:15:39+00,2025-12-29 05:05:39+00
c35d919d-8916-446f-b66d-d79f30e9a071,,Resorts,Orchid Resorts,ECR - East Coast Road,18,95,3000.00,Day,,,0,Monday - Sunday,,,,,,+91 98400 33194,"[""cffb6e2288a630c2a787a64ccc67097c.jpg""]",images/service/1697796127orchid 1.jpg,"No. 3/416, East Cost Road, Uthandi, Next to Haunde Buddha Temple, Chennai, Tamil Nadu - 600 119","Orchid Resort is one of Chennai’s best hotels (on ECR East Coast Road) that caters to sophisticated business and leisure travelers’ unique needs. We have a strong commitment to quality and understand the needs of those who are far away from home based on personal experience. We strive to provide the best possible outcome by balancing affordability, quality and flexibility to meet the growing demand for short-term accommodation. We also go the extra mile by anticipating your needs before they arise. Whether it’s arranging a cab or arranging a car pick-up, we do our best to help. Your needs for short-term and long-term accommodation will receive our full attention. Every booking, no matter the size, is equally important and should not be disregarded. Our commitment to the work is what makes us the best option. We protect the environment, educate and inform employees, build relationships with local community, and provide our guests with an unparalleled level of comfort and elegance.",Resort Room,https://www.google.com/maps/embed?pb=!1m18!1m12!1m3!1d124422.44041017951!2d80.15552054331422!3d12.958969550409044!2m3!1f0!2f0!3f0!3m2!1i1024!2i768!4f13.1!3m3!1m2!1s0x3a525b0d59e24df9%3A0x3ded42a61db555e4!2sOrchid%20Resorts!5e0!3m2!1sen!2sin!4v1696505682542!5m2!1sen!2sin,12.876173,80.243108,standard,true,,120,sales@orchidresortsecr.com,//orchidresortsecr.com/,,,,,orchid-resorts,2023-09-23 09:31:55+00,2025-11-27 16:47:35+00
c4088fda-b69b-461f-8b44-15ced7f720fb,,Family Resort,Muthu Eastwoods Resorts,Injambakkam,18,103,10000.00,,,9000.00,10,Monday - Sunday,00:00:00,23:59:00,,,,044-24490660,"[""8b5c8441a8ff8e151b191c53c1842a38.jpg""]",images/service/1697093062574d24f8647799a33ccb2bda525812921670325504.jpg,"No. 1, 240, SH 49, Injambakkam, Chennai, Tamil Nadu - 600 041","The MGM group of companies was founded by Dr. M.G. Muthu in 1963. Dr. Muthu is a self-made man - a humble man who started with little more than his principles of truth, hard work, simplicity, honesty and faith. He has created a large group of companies that have operations in a variety of industries including logistics, mining, restaurant chains, construction and hospitality. Magnum Singapore are constantly building on that work ethic to make Muthu hotels as great as it can be. Our goal is to be the best and to offer the best experience. We work hard to achieve this every day. We've created a brand that's synonymous with quality, flexibility and choice, with a solid financial and legal infrastructure that guarantees the integrity of our products. Service and support networks help our partners to promote, manage and deliver our industry-leading products around the world.",,https://www.google.com/maps/embed?pb=!1m18!1m12!1m3!1d62233.95195143701!2d80.20393870015117!3d12.867673911902964!2m3!1f0!2f0!3f0!3m2!1i1024!2i768!4f13.1!3m3!1m2!1s0x3a525c975657955b%3A0x5948c7c7deccd605!2sMGM%20Eastwoods!5e0!3m2!1sen!2sin!4v1697450772231!5m2!1sen!2sin,12.910614,80.249887,standard,true,,106,reservations@muthuhotelsmgm.com,https://www.muthuhotelsmgm.com/,https://www.facebook.com/MGMMuthuHotels,https://twitter.com/MGMMuthuHotels,https://www.instagram.com/muthu_hotels/,,muthu-eastwoods-resorts,2023-10-12 06:44:22+00,2025-12-29 14:45:59+00
c7182b83-2d24-4169-8f0a-0f8f514bda23,,"VR Boxing,    Raptor Rampage, Walk on plank, Zombie shooting, Cricket fever, Escape horror, Roller coaster, Beat saber",VR Galaxy,Nungambakkam,26,210,1000.00,,,800.00,20,Monday - Sunday,11:00:00,21:00:00,,,,+91 63851 53751,"[""bf5a1d9043100645b2067fa70d7a1ea6.jpg""]",images/service/1697436251vr-cityx-virtual-reality.jpg,"No. 123, Basement, Ispahani Centre, Nungambakkam High Road, Nungambakkam, Chennai, Tamil Nadu - 600 034","Venus Animatics, being our core company focuses on merging the next generation technology to the present world. Piercing into Gaming Industry with a passion n zeal to master the change! Having started with a vision of stepping into future, our venture was VR Galaxy where the merge proceeds through Virtual Reality Gaming. With more different aspires lined up we constantly work to expand our wings.",,https://www.google.com/maps/embed?pb=!1m18!1m12!1m3!1d62188.366168734785!2d80.18322567407678!3d13.050123441597908!2m3!1f0!2f0!3f0!3m2!1i1024!2i768!4f13.1!3m3!1m2!1s0x3a526641661ea21d%3A0xe30fb7b081dd104c!2sVR%20Galaxy!5e0!3m2!1sen!2sin!4v1696595962914!5m2!1sen!2sin,13.055265,80.249822,standard,true,,73,info@vrgalaxy.in,http://www.vrgalaxy.in/,https://www.facebook.com/VRGalaxyGames/,,,,vr-galaxy,2023-09-29 18:47:48+00,2025-12-04 01:40:31+00
c7fe1544-063f-44c4-a13b-a92ea352be7d,,Co-Living,Zolo Millennium Co-Living,Sholinganallur,44,340,12000.00,Month,,,0,Monday - Sunday,00:00:00,23:59:00,,,,+91 88801 08010,"[""e27a949795bbe863f31c3b79a2686770.jpeg""]",images/service/1698998186hos 1.jpg,"No. 5, Perumbakkam Main Road, Elcot Sez , Sholinganallur, Chennai, Tamil Nadu - 600 119","Elevate your living standards with co-living spaces in Chennai, transcending the norms of cramped PG accommodations. Zolo's opulent properties offer a seamless fusion of luxury and functionality.",A/C and Non A/C rooms with sharing,https://www.google.com/maps/embed?pb=!1m18!1m12!1m3!1d31112.80322997208!2d80.18917157431643!3d12.901265000000015!2m3!1f0!2f0!3f0!3m2!1i1024!2i768!4f13.1!3m3!1m2!1s0x3a525df54fa60cc1%3A0xdbef24603b4fe0ad!2sZolo%20Millennium%20Co-Living%20%7C%20Redefining%20PG!5e0!3m2!1sen!2sin!4v1698657713723!5m2!1sen!2sin,12.901265,80.227280,premium,true,,1258,info@zolostays.com,//zolostays.com/pg-hostel-near-sholinganallur-in-chennai-zolo_millennium-zch020,//www.facebook.com/zolostays,,//www.instagram.com/zolostays/,,zolo-millennium-co-living,2023-10-30 09:21:25+00,2025-12-30 07:22:47+00
ca28c827-2817-49b2-9dc0-e0e000ca86bb,,"Wedding Photography,     Bridal Portraits,     Baby Shoots,     Couple Portraits,     Wedding Film,     Outdoor Family Portraits",Candid Red Studios,East Tambaram,33,"44,45,46,47",200000.00,Service,,,0,Monday - Saturday,10:00:00,21:00:00,,,,+91 91761 96761,"[""47951a40efc0d2f7da8ff1ecbfde80f4.jpg""]",images/service/1696870916sq-ea8c12ac4c2946738c7d6c3d9c45692f.jpg,"No. 1, 1st Floor, MGR Street, Velachery Main Road, Rajakilpakkam, East Tambaram, Chennai, Tamil Nadu - 600 073","Why Choose Us? 15 years down the line, when you will look back at your wedding day photographs, you should be able to recreate the day as it was, feel every emotion, and cherish every memory. That is our motto and that is what our candid wedding photography is all about. Observing a modern and editorial photojournalistic approach to storytelling, we capture your candid expressions and memories. We want that each picture we take should tell a story and we endeavor to portray this story in the most enthralling manner. With years of experience and expertise, we have always aimed for perfection. We are confident about our portfolio and need no sponsor. We pitch in our deepest efforts into every single click and bring life into photographs.",Wedding Package,https://www.google.com/maps/embed?pb=!1m18!1m12!1m3!1d3888.761839426874!2d80.15024087420416!3d12.923022915943184!2m3!1f0!2f0!3f0!3m2!1i1024!2i768!4f13.1!3m3!1m2!1s0x3a525ec203c193d7%3A0x5beafd2fef0ef650!2sCandid%20Red%20Studios!5e0!3m2!1sen!2sin!4v1697452694115!5m2!1sen!2sin,12.923035,80.152845,standard,true,,158,contact@candidred.com,//www.candidred.com/,//www.facebook.com/candidred,,//www.instagram.com/candidred,,candid-red-studios,2023-09-30 22:55:56+00,2025-12-22 14:22:21+00
caeb104b-bde7-4882-8785-6ebbac896a9f,,"Household Shifting,     Office Shifting",Nellai Packers and Movers,Mogappair,19,"48,50",9000.00,Service,,,0,Monday - Sunday,00:00:00,23:59:00,,,,+91 93618 33343,"[""6651526b6fb8f29a00507de6a49ce30f.jpg"",""f50c7035e532c49a0f6993d988e2e843.jpg"",""623a1f8e55863044aa680a8fa581c36a.jpg"",""fb87582825f9d28a8d42c5e5e5e8b23d.jpg"",""d58cc99982459ca8d73b89068f53e446.png""]",images/service/1700132527nellai.jpg,"No. 354, Panneer Nagar, Nearby Sai Baba Temple, Mogappair East, Chennai, Tamil Nadu - 600 037","Nellai Packers and Movers (Mogappair) is a logistics and Transport company since 2002, for imparting excellent services in packing and moving segments. Almost 20 years of experience and thousands of friendly customers... The one who created this page itself a customer who felt it is a simple token of thanks for their excellent service.",2 BHK Shifting,https://www.google.com/maps/embed?pb=!1m18!1m12!1m3!1d124359.57264916808!2d80.09660974560512!3d13.084183234063895!2m3!1f0!2f0!3f0!3m2!1i1024!2i768!4f13.1!3m3!1m2!1s0x3a5263e86bb60dcf%3A0x7f0b2f9957260350!2sNellai%20Packers%20Movers%20Mogappair!5e0!3m2!1sen!2sin!4v1697115400117!5m2!1sen!2sin,13.057620,80.273780,premium,true,,380,nellaipackersmovers@gmail.com,//www.nellaipackers.com,,,,,nellai-packers-and-movers,2023-10-12 12:55:45+00,2025-12-01 09:03:19+00
cb0ba195-220f-4e4b-90c9-121285553b58,,Pg for women,Orchid Springs Women's PG,Thoraipakkam,44,335,7900.00,Month,,,0,Monday - Sunday,10:00:00,20:00:00,,,,+91 95662 26727,"[""294a8ed24b1ad22ec2e7efea049b8737.webp""]",images/service/1698219116orchid 1.jpg,"Mount Batten 4th street, Mettukuppam, Thoraipakkam, Chennai, Tamil Nadu - 600 097",.,A/C and Non A/C rooms with sharing,,12.939615,80.239247,premium,true,,732,orchidspringshostels@gmail.com,//www.pgworld.app/#/book,//www.facebook.com/Pg-Pali-India-503752529957022/,,,,orchid-springs-women's-pg,2023-10-25 07:31:56+00,2025-12-30 08:34:03+00
cc6a6580-c727-4f98-9371-9be44ac8f133,,"Beach View,     AC Rooms,     Party Hall",VGP Golden Beach Resort,Injambakkam,18,95,7500.00,Day,,11500.00,-53,Monday - Sunday,00:00:00,23:59:00,,,,+91 96777 60992,"[""0f2818101a7ac4b96ceeba38de4b934c.jpg"",""b7fede84c2be02ccb9c77107956560eb.jpg"",""a3842ed7b3d0fe3ac263bcabd2999790.webp""]",images/service/1697189723vgp dis.webp,"No. 5/159, East Coast Road, Injambakkam, Chennai, Tamil Nadu - 600 115","We are proud to state that VGP Golden Beach Resort has always enjoyed a most coveted position among the beach resorts of Chennai due to its rich cultural lineage, luxurious rooms, beach view banquets. It is perhaps the only resort in India, Which is devoted to showcase the timeless beauty and all encompassing nature of Indian arts and crafts. Year after year it has been an immovable symbol of national integrity where people from all races and background come together, as one, for wholesome family entertainment. At VGP Golden Beach Resort we are committed to delight our customers with a unique blend of education and entertainment, coupled by an unwavering dedication to world peace, family harmony and spiritual joy. We take great pleasure to share with you the good news that various exciting and promising value additions are being offered by your favourite VGP Beach Resort, exclusively for your enjoyment.","Resort rooms, Villas, Party Hall and more.",https://www.google.com/maps/embed?pb=!1m18!1m12!1m3!1d124444.4608222563!2d80.17246094251183!3d12.914829391481971!2m3!1f0!2f0!3f0!3m2!1i1024!2i768!4f13.1!3m3!1m2!1s0x3a525c9635a8c361%3A0x36c70e5ce54c8329!2sVGP%20Golden%20Beach%20Resort!5e0!3m2!1sen!2sin!4v1697189757380!5m2!1sen!2sin,12.914842,80.254863,premium,true,,199,sales@vgpgoldenbeachresort.com,//www.vgpgoldenbeachresort.co.in/,//www.facebook.com/VGPGoldenBeachResort,,//www.instagram.com/vgpgoldenbeachresort/,,vgp-golden-beach-resort,2023-10-13 09:35:23+00,2025-12-26 11:37:57+00
cf125c73-8cba-477b-aa48-e5ab2ed93c62,,"PG for Men and Women,   Co-living",Zolo Bingo Co-Living,Velachery,44,339,11500.00,Month,,,0,Monday - Sunday,09:00:00,21:00:00,,,,+91 88845 18010,"[""d83df0d58637d4fca2d52dcdbb3ccb4f.jpg""]",images/service/1698223397zolo dis.jpg,"Poomalai Blossoms, Tansi Nagar Extension, No. 7 & 7A, 1st Street, Anna Nagar Extension , Velachery, Chennai, Tamil Nadu - 600 042","Trade up from an ordinary PG to a Coliving space in Chennai that redefines your lifestyle. Experience the benefits of its prime location, facilitating excellent connectivity via buses and the railway station. Positioned conveniently near hotels, markets, and major IT parks, this co-living space is your pathway to a more enriched life.",A/C and Non A/C rooms with sharing,,12.975340,80.225691,premium,true,,1770,info@zolostays.com,//zolostays.com/,//www.facebook.com/zolostays,,,,zolo-bingo-co-living,2023-10-25 08:43:17+00,2025-12-30 03:07:29+00
cf84e04c-ea52-448f-95f9-30b5721d4610,,Gym,Flux Fitness Studio,Adyar,28,266,12000.00,Year,,11000.00,8,Monday - Sunday,05:30:00,22:30:00,,,,+91 90031 75000,"[""d1f157379ea7e51d4a8c07aff102a43f.jpg""]",images/service/1696927379flux111.jpg,"No. 55, 1st Avenue, Indira Nagar, Adyar, Chennai-600 020","Flux Fitness Studio is a state-of-the-art concept created, keeping in mind the rationale behind multi facility concept. Flux Fitness Studio integrates all the possible techniques related to wellbeing, fitness and relaxation. The Flux Fitness Gym boasts of the latest and most effective training equipment that make working out and fitness training truly exemplary. Flux Fitness Studio can simply be called the ""one stop fitness and wellbeing experience. One Spot Fitness Centre at Chennai City at Different Places. Branches at Perungudi, OMR, Adyar, Chamiers and Navalur.",Overall Fitness,https://www.google.com/maps/embed?pb=!1m18!1m12!1m3!1d124402.44134695407!2d80.25180961396254!3d12.998930229543618!2m3!1f0!2f0!3f0!3m2!1i1024!2i768!4f13.1!3m3!1m2!1s0x3a52678d00174843%3A0xcf382c5f500d9f0d!2sFlux%20Fitness%20Studio!5e0!3m2!1sen!2sin!4v1697449201420!5m2!1sen!2sin,12.998930,80.251810,premium,true,,1588,fitnessstudioflux@gmail.com,//www.fluxfitnessstudio.com,//www.facebook.com/fluxgym,,//www.instagram.com/fluxfitnessstudio/,,flux-fitness-studio,2023-10-10 08:42:59+00,2025-12-30 04:41:27+00
cf972b96-4ba2-4a52-b588-1bbd35dc387d,,"Hair,         Nail,         Skin,         Spa,         Grooming,         SPMU",Bounce Salon & Spa,ECR - East Coast Road,22,"110,111,114,116,117,118,119,120",900.00,,,,0,Monday - Sunday,10:00:00,21:00:00,,,,+91 88070 17931,"[""3202111cf90e7c816a472aaceb72b0df.jpg""]",images/service/1696095985Bounce-Salon-at-Adayar-Chennai-3.jpg,"No. 3/620, Amara Anantha, C block, ECR, Palavakkam, Chennai, Tamil Nadu– 600 041","More than a monthly grooming ritual. More than a few drops of Argan oil. It is the smell of success, and a good time. More than an appointment.More than a product or tool. Updos to hairdos, Pompadours to Balayage, Nail art to nail extensions All eyes on you. We introduce you to style, a science… an artform? Rejuvenate. Brighten. Cut. Colour. Cure. Culture. All that and more.","Men, Women & Kids Hair cut and more.",https://www.google.com/maps/embed?pb=!1m14!1m8!1m3!1d7776.406790350645!2d80.25535!3d12.958833!3m2!1i1024!2i768!4f13.1!3m3!1m2!1s0x3a525d3d7effffff%3A0xbbb09d858a879812!2sBounce%20Salon%20%26%20Spa!5e0!3m2!1sen!2sus!4v1711657631879!5m2!1sen!2sus,12.958833,80.255350,premium,true,,1203,bounce.adyar@gmail.com,//www.bouncehere.com/,//www.facebook.com/BounceSalonAndSpa/?fref=ts,,//www.instagram.com/bouncesalons/,,bounce-salon-&-spa,2023-09-30 17:46:25+00,2025-12-30 03:26:50+00
cfcaa984-8cc2-431e-b021-6b8103cf53cf,,"Athletics,       Badminton,       Swimming,       Fitness,   Outdoor games,   Football",Shine Sports Academy,K. K. Nagar,35,"219,221,225,244",2000.00,Month,,,0,Monday - Saturday,10:00:00,21:00:00,,,,+91 89393 93959,"[""fc5a29b5d423c94cdfacb0f706eecdb7.jpg""]",images/service/1697868629sai sp.webp,"Plot No. 5, VRB Avenue, Kanu Nagar Main Road, Kanu Nagar, Nesapakkam, Chennai, Tamil Nadu - 600 089","Shine sports academy provides you unprecedented sporting facilities for athletics, football, basketball, swimming, badminton and other games. For youngsters, individual and corporates, the opportunity to learn, play, improve and excel in sports.",Badminton,https://www.google.com/maps/embed?pb=!1m18!1m12!1m3!1d15547.896055368548!2d80.18517979905704!3d13.037326046543745!2m3!1f0!2f0!3f0!3m2!1i1024!2i768!4f13.1!3m3!1m2!1s0x3a52678b643fcbb7%3A0xe0c87fe3e9e08b8d!2sShine%20Sports%20Academy%20Swimming%20Pool!5e0!3m2!1sen!2sin!4v1696580382052!5m2!1sen!2sin,13.029309,80.191283,standard,true,,131,play@shinesportsacademy.com,//www.shinesportsacademy.com/index.php,//www.facebook.com/ShineSportsPromotionAcademy,,//www.instagram.com/explore/locations/777087895830454/shine-sports-promotion-academy/,,shine-sports-academy,2023-09-28 13:34:36+00,2025-12-25 11:03:02+00
d1a467ef-45b8-457b-b89c-081b4ecf5024,,"Domestic Couriers,   International Couriers",Garudavega Delivery Services,West Mambalam,23,"39,40",0.00,,,,0,Monday - Sunday,09:30:00,19:30:00,,,,+91 98848 49001,"[""d5036c64412973d610202be8dce2b82a.jpg""]",images/service/1697006646courier-service.jpg,"New No. 16/1, Old No. 9, Varadappan Street, Opp to Anugraha Ac Mini Hall, West Mambalam, Chennai, Tamil Nadu - 600 033","GuradaVega Courier is a fast, quick, reliable and trustworthy international courier service that operates from 100+ locations in India. The company has more than 200+ branches and the primary objective of the service is to deliver your shipments within time and safely all over the World including USA, UK, UAE, Australia, Canada, Middle East and 200 other countries. And remember, the pricing is very competitive too when compared to other international services and the prices are less by 40 to 50 per cent when compared to services like FedEx, DHL, UPS, etc.",,https://www.google.com/maps/embed?pb=!1m18!1m12!1m3!1d124386.10225538844!2d80.12698825681697!3d13.03148842773379!2m3!1f0!2f0!3f0!3m2!1i1024!2i768!4f13.1!3m3!1m2!1s0x3a5266faea46dc55%3A0x8d75e541196a0a0c!2sGarudavega%20delivery%20services!5e0!3m2!1sen!2sin!4v1697006646430!5m2!1sen!2sin,,,standard,false,,107,care@garudavega.com,https://www.garudavega.com/,//www.facebook.com/garudavega2,//twitter.com/ShipGarudavega,,,garudavega-delivery-services,2023-10-11 06:44:06+00,2025-12-17 10:59:09+00
d1da8c0b-66c2-4209-a312-673c23476c4c,,Gym,Gold's Gym,Adyar,28,266,45000.00,Year,,38000.00,16,Monday - Saturday,06:00:00,22:00:00,Sunday,08:00:00,20:00:00,+91 75500 66903,"[""6211080fa89981f66b1a0c9d55c61d0f.jpg"",""a8345c3bb9e3896ea538ce77ffaf2c20.jpg"",""e35d7a5768c4b85b4780384d55dc3620.jpg"",""7de32147a4f1055bed9e4faf3485a84d.jpg"",""eb1848290d5a7de9c9ccabc67fefa211.jpg"",""e572cc8a256bbf824c98a1278ffadc24.jpg""]",images/service/16972741144V5A6916.JPG,"No. 7, 1st Street Avenue, Shastri Nagar, Adyar, Chennai, Tamil Nadu - 600 020","Gold's Gym Has Been the Authority in Fitness Since 1965 Dating Back to The Original Gold's Gym in Venice, California. It Was the Place for Serious Fitness. Opened Long Before the Modern-Day Health Club Existed, The Original Gold's Gym Featured Homemade Equipment and A Dedication to Getting Results. It Was an Instant Hit. Gold's Gym Quickly Became Known As “The Mecca of Bodybuilding.'' In 1977, Gold's Gym Received International Attention When It Was Featured in The Movie Pumping Iron That Starred Arnold Schwarzenegger and Lou Ferrigno. From That First Gym in Venice, Gold's Gym Has Become the Largest Co-Ed Gym Chain in The World with Over 700+ Clubs In 27 Countries. Today, Gold's Gym Has Expanded Its Fitness Profile to Offer All of The Latest Equipment and Services, Including Group Exercise, Personal Training, Cardiovascular Equipment, Spinning, And Yoga, While Maintaining Its Core Weight Lifting Tradition. Gold's Gym Has Become the Preferred Gym of Celebrities, Athletes, Bodybuilders, The Military, And Fitness Enthusiasts All Over the World. Most Importantly, Gold's Gym Continues to Change Lives by Helping People Achieve their Individual Potential.",Overall Fitness,https://www.google.com/maps/embed?pb=!1m18!1m12!1m3!1d3887.5442411655054!2d80.25693077510888!3d13.000976314233405!2m3!1f0!2f0!3f0!3m2!1i1024!2i768!4f13.1!3m3!1m2!1s0x3a525d5f8e070ce1%3A0x2aa2debd49b14088!2zR29sZOKAmXMgR3lt!5e0!3m2!1sen!2sin!4v1697526057080!5m2!1sen!2sin,13.000971,80.259506,premium,true,,1221,vasanthgoldsgym@gmail.com,//goldsgym.in,//www.facebook.com/GoldsGymIndia,//twitter.com/GoldsGymIndia,//www.instagram.com/goldsgymindia,,gold's-gym,2023-10-10 09:32:57+00,2025-12-30 07:22:17+00
d5f8df75-e4cb-4678-82f7-067517ee2935,,"Hair Treatment,   Skin Treatment,   Laser Hair Removal,   Weight Loss","Welona - Slimming, Skin & Hair Care Clinic",Thiruvanmiyur,29,302,0.00,,,,0,Monday - Sunday,09:00:00,20:00:00,,,,044-40114444,[],images/service/1697545308welona.webp,"No. 163, 2nd Floor, SMS BUILDING, Lattice Brg Rd, Above Sony Center, Opposite to LB road Bus Depot, Thiruvanmiyur, Chennai, Tamil Nadu - 600 041","We at Welona believe in bringing the latest techniques and technology to the fore, for the full benefit of our customers. Through our team of experts, we work towards living up to the reputation of being one of the best skin and hair clinics in Chennai. When you walk into Welona, it’s not just about receiving treatment. We are with you every step of the way, right from consultation to the procedure itself. Our experts are always ready to address all your concerns and queries, making you feel at complete ease throughout your time at Welona.",General consultation - Complementary,https://www.google.com/maps/embed?pb=!1m18!1m12!1m3!1d124386.41223072568!2d80.12698869436777!3d13.030871497278948!2m3!1f0!2f0!3f0!3m2!1i1024!2i768!4f13.1!3m3!1m2!1s0x3a52674ffb9b4865%3A0x74a21d4b3f4572c1!2sWelona%20-%20Slimming%2C%20Skin%20%26%20Hair%20Care%20Clinic%20Chennai!5e0!3m2!1sen!2sin!4v1697004077129!5m2!1sen!2sin,12.996713,80.255608,premium,true,,373,info@welona.in,//welona.in/,//www.facebook.com/welonaslimmingskinhairclinic/,,//www.instagram.com/welonaclinicchennai/,,"welona---slimming,-skin-&-hair-care-clinic",2023-10-11 05:48:40+00,2025-12-21 15:18:03+00
d7e56357-5a8e-4fce-9c26-330428dcc2e7,,"Residential,      Commercial,      Apartments,      Condominium",DAC Developers,Tambaram,42,"280,282,287,288,289",50000.00,,,45000.00,10,Monday - Sunday,09:00:00,20:00:00,,,,044-42103848,"[""2bce32ed409f5ebcee2a7b417ad9beed.jpeg""]",images/service/1697443624real 2.webp,"Plot No. A, Thiruvalluvar Street, Tambaram West, Kadaperi, Chennai, Tamil Nadu - 600 045","At DAC, we help you, Dream, Ascend, Conquer your dwelling destination. We have grown strength-to-strength over the course of our 12-year journey as a construction brand. We have successfully delivered finely built homes in top residential areas of Tambaram, Chromepet, Pallavaram and Chitlapakkam. Today, DAC is considered one of the best developers in Chennai.",,https://www.google.com/maps/embed?pb=!1m18!1m12!1m3!1d3888.5942576929074!2d80.11664988000646!3d12.93377928318354!2m3!1f0!2f0!3f0!3m2!1i1024!2i768!4f13.1!3m3!1m2!1s0x3a525fcb93947607%3A0x8875a297546b5468!2sDAC%20Developers%20Private%20Limited.!5e0!3m2!1sen!2sin!4v1696876468036!5m2!1sen!2sin,12.933774,80.121521,premium,false,,110,marketing@dacpromoters.com,http://www.dacdevelopers.com/,https://www.facebook.com/DACdevelopersChennai,https://twitter.com/dac_developers,https://www.instagram.com/dacdeveloperspvtltd/,https://in.linkedin.com/company/dac-developers,dac-developers,2023-09-30 20:38:16+00,2025-03-29 10:38:54+00
d845faa9-05ff-4da3-84d8-a7fffcf1ba7a,,Bharatanatyam,Pranavam Bharatanatyam,Villivakkam,24,80,800.00,Month,,,0,Monday - Saturday,17:00:00,20:00:00,Sunday,08:00:00,13:00:00,+91 90943 11946,"[""ceb0595112db2513b9325a85761b7310.jpg""]",images/service/1696875430360_F_365135250_D4slgOo8wAYADnqNvaMtR9hIu17ySXmV.jpg,"No. 73A, K.K.Nivas, 2nd Street, Baba Nagar, North Jagannatha Nagar, Villivakkam, Chennai, Tamil Nadu - 600 049","Our institution is situated inside prime location in Chennai which is functioning successfully, maintains the traditional value of this art and promotes good students in this field. Our school offers the quality training in Bharatanatyam – delivered by the professionals who live and breathe the art form. Pranavam was established in the year 2012 in Villivakkam (Chennai). Now the institution has over 100 number of students including four branches till date. Bharatnatyam classes are conducted in a peaceful environment practicing counselors/dancers. The company, under the guidance of its director, Mr. Sriram Krishna and choreographer cum teacher, Guru. Mrs. Nandhitha Sriram, disciple of Guru Sridevi Venugopal & Padmini Dorairaj and under the guidance of S.Rajeswari (Retd Principal of Tamil Nadu Music College) completed Nattuvangam.
Ms. Nandhitha, marching towards and promoting the growth and popularity of South Asian dance making Bharatanatyam more accessible in education, training, and professionalism. Sriramkrishna has been creative Director of Pranavam Dance school since 2012. His pioneering ability for creative adaptation of the classical art form to enhance the sharing and understanding of cultural diversity through dance in schools led to a special place for Pranavam.",Bharatanatyam,https://www.google.com/maps/embed?pb=!1m18!1m12!1m3!1d15544.105704830807!2d80.1774243495775!3d13.097511745276687!2m3!1f0!2f0!3f0!3m2!1i1024!2i768!4f13.1!3m3!1m2!1s0x3a52658d360ec7cd%3A0xa581f406e7ef90ab!2sPranavam%20Bharatanatyam!5e0!3m2!1sen!2sin!4v1696859380930!5m2!1sen!2sin,13.111723,80.203606,standard,false,,54,pranavamudras@gmail.com,//www.pranavamdance.in/,//www.facebook.com/PranavamBharatam?mibextid=LQQJ4d,,//www.instagram.com/pranavam_bharatanatyam/?igshid=NGVhN2U2NjQ0Yg%3D%3D,,pranavam-bharatanatyam,2023-10-03 10:36:11+00,2024-07-29 08:58:41+00
d90768e2-ab0d-4764-9bcd-3cf04f341dbf,,gym,Lead Fitness,Valasaravakkam,28,266,12990.00,Year,,12000.00,8,Monday - Saturday,05:00:00,18:00:00,Sunday,06:00:00,13:00:00,+91 97899 49472,"[""a9365bd906e11324065c35be476beb0c.png""]",images/service/1696934666lead 2.avif,"No. 138, Thamirabarani Street, Palaniappa Nagar, Valasaravakkam, Chennai, Tamil Nadu - 600 087","Best gym lead fitness have been a pioneer in the fitness and wellness industry for more than 20years, its located in Chennai valasaravakkam started with his right back ground and passion established Inshape Health & fitness , a complete Health and Fitness Centre at Kilpauk in the year 2003. by the success experienced through INSHAPE , started Inshape at Alwarthirunagar and in madipakkam The reasons for the success can be attributed to the best service, Imported Precor Equipment’s, Qualified and best Trainers, Experienced Dieticians and Physiotherapist. Best fitness center have centralised air-condition with fresh air circulation which has resulted in more than 5000 satisfied customers through which the Passionate Vision A N Rajendiran has been fulfilled.",Overall Fitness,https://www.google.com/maps/embed?pb=!1m18!1m12!1m3!1d15547.452701796705!2d80.1666850078125!3d13.04438000000002!2m3!1f0!2f0!3f0!3m2!1i1024!2i768!4f13.1!3m3!1m2!1s0x3a5261f3f4af91ab%3A0x2abb9a5f119a4bbf!2sLead%20Fitness!5e0!3m2!1sen!2sin!4v1696940462873!5m2!1sen!2sin,13.044380,80.183164,premium,true,,1147,leadfitness2022@gmail.com,//leadfitness.in,//www.facebook.com/leadfitnesscenter,,//www.instagram.com/leadfitnesscenter/,,lead-fitness,2023-10-10 10:44:26+00,2025-12-25 13:12:12+00
d934c19b-d133-43e2-bb58-8d9e0861c815,,"Wedding Photography,      Pre and Post wedding photography,      Maternity Photography,      Kids Photography,      Portfolio",Crack Jack Photography Studio,Valasaravakkam,33,"44,45,46,47",250000.00,Service,,,0,Monday - Sunday,10:00:00,20:00:00,,,,+91 86789 44466,"[""8ca01ea920679a0fe3728441494041b9.jpg""]",images/service/1696873851dfghj.jpeg,"No. 3, Chellam Street, Prakasam Road, Janaki Nagar, Alwartirunagar, Valasaravakkam, Chennai, Tamil Nadu - 600 087","Crack Jack Photography is a constituent of Wedding photography Team & Wedding cinema making house; both based out at Chennai (expanding), India. A team that ardently loves to travel around the world to capture memories of satisfied customers. We offer full-service Wedding photography, Wedding video solutions, wedding shoots, product photography, documentaries and corporate event coverage.  In over 6 years of our journey, we have captured moments of joy, moments of love, laughter, and happily ever after all around India. We have covered weddings at both ends of the scale from 10,000 guests all the way down to weddings with under 10 guests. View samples of our Wedding photography and Wedding cinema work. Since inception in 2014 as a niche wedding photography services provider; we have expanded prolifically our portfolio and our team strength of photographers and cinematographers across the Chennai city now. We are dedicated to the craft: we love the art, the science, and the sheer joy of the perfect frame.",Wedding Package,https://www.google.com/maps/embed?pb=!1m18!1m12!1m3!1d3886.9013392086954!2d80.17908057420607!3d13.04195161333375!2m3!1f0!2f0!3f0!3m2!1i1024!2i768!4f13.1!3m3!1m2!1s0x3a52612e7d3136bd%3A0x68df026df5b5ac3a!2sCrackJack%20Photography%20Studio!5e0!3m2!1sen!2sin!4v1697452498526!5m2!1sen!2sin,13.041946,80.181655,standard,true,,130,crackjackstudios@gmail.com,//www.crackjackphotography.in/,//www.facebook.com/crackjackphotography/,,//www.instagram.com/crackjackphotography/,,crack-jack-photography-studio,2023-09-30 22:33:55+00,2025-12-29 03:42:21+00
dfaa513a-d6dd-40b9-9954-4f08e5d7f64a,,"Wheel Care,      Preventive maintenance,      Running repair,      Air conditioning system,      3M car care,      Denting,      Painting",Evolve Automotive,Guindy,25,22,6000.00,,,,0,Monday - Saturday,09:30:00,18:30:00,,,,+91 98849 88632,"[""7695ea769f021803c508817dd374bb27.jpg""]",images/service/1695883767evolvo 2.jpg,"A49, Guindy Industrial Estate, SIDCO Industrial Estate, Guindy, Chennai, Tamil Nadu -  600 032","Customer satisfaction is our priority, be rest assured that your car is treated with care at Evolve Automotive. During the last 4 years, we have serviced more than four thousand cars. We take pride in hiring the most qualified technicians and utilizing the best automotive technology and diagnostic equipment to service, fix and maintain your high-end vehicle. Our state-of-art workshops are conveniently located at Guindy Industrial Estate, Chennai. Choosing Evolve Automotive Service for your car maintenance or servicing offers several benefits. Our experienced technicians follow proper guidelines to ensure quality of the service. Apart from this, you can rest assured that only quality OEM or genuine parts will be used (if required) to fix your car. Getting your car serviced from us also ensures your vehicle stays in good condition. If you have any additional questions or concerns, we hope that you contact us anytime. We look forward to meeting you soon and helping you with your automotive needs.",General Service,https://www.google.com/maps/embed?pb=!1m18!1m12!1m3!1d3887.3573386821154!2d80.20987579999999!3d13.012901600000001!2m3!1f0!2f0!3f0!3m2!1i1024!2i768!4f13.1!3m3!1m2!1s0x3a5267985fb2cfd7%3A0xd847850ff0945eda!2sEvolve%20Automotive!5e0!3m2!1sen!2sin!4v1695883835227!5m2!1sen!2sin,13.012902,80.209876,premium,true,,1578,support@evolveautomotive.in,//www.evolveautomotive.in/,//www.facebook.com/evolveautocar/,,//www.instagram.com/evolveautocar,,evolve-automotive,2023-09-28 06:49:27+00,2025-12-30 10:59:24+00
e35b3a4c-5102-4537-afd0-7adc849622db,,Marriage hall,The Palace House,Injambakkam,15,34,80000.00,Day,,60000.00,25,Monday - Sunday,06:00:00,22:30:00,,,,+91 97895 51155,"[""227f6afd3b7f89b96c4bb91f95d50f6d.png"",""a36b598abb934e4528412e5a2127b931.jpg"",""f9fd5ec4c141a95257aa99ef1b590672.jpg"",""7ac71d433f282034e088473244df8c02.jpg""]",images/service/1710493228the-palacehouse-3.jpg,"No. 136/49, Saibaba Koil Street, Injambakkam, Chennai, Tamil Nadu - 600 115","The Palace House is a great setting for social, corporate, and other events. We are one of Chennai's best party halls. The palace-like banquet hall on 12 acres will show you Kerala's architectural marvel and enable you to have unforgettable moments. We offer guests the grandeur of heaven, away from the city's chaos. We can accommodate 700 visitors comfortably. You may skip the stress of organising a spectacular event with more than 500 guests with us only at The Palace House. Book the top Chennai banquet venues for an amazing experience. We construct lifelong memories from your moments. You can organise your wedding, from pre-wedding photography to reception, with us. We will make your event a success without any last-minute trouble or misunderstanding. 
Our ECR banquet rooms have exquisite interiors that blend Indian traditions with Victorian elegance. The Palace House theme is for those who value solitude and luxury. From architecture to interiors, landscaping vistas to amenities, great service, and delectable flavours, we've maintained high-quality standards. 
Make The Palace House your portal to exploring and celebrating life's special moments with our cosy interiors and stunning exteriors. We at The Palace House strive to give you quality and lasting memories.",,https://www.google.com/maps/embed?pb=!1m18!1m12!1m3!1d3888.699204537933!2d80.25156057420422!3d12.92704421585533!2m3!1f0!2f0!3f0!3m2!1i1024!2i768!4f13.1!3m3!1m2!1s0x3a525d22393f1147%3A0xe211e7803e3efd4c!2sThe%20Palace%20House!5e0!3m2!1sen!2sin!4v1696503596974!5m2!1sen!2sin,12.927039,80.254135,premium,true,,384,info@thepalacehouse.in,//thepalacehouse.in/,//www.facebook.com/thepalacehouse.ecr/,,//www.instagram.com/thepalacehouse_ecr/?igshid=14pdu9ppea893&hl=en,,the-palace-house,2023-09-23 07:08:52+00,2025-12-30 03:14:33+00
e481f10d-24dc-41bb-b558-b29283e031ed,,"Wedding,    Engagement,    Birthday,    Fashion Portraits,    Corporate Portraits,    Family Portraits,    Matrimonial Portraits,    Business Portraits,    Food Photography",Chennai Photo Studio,Ayanavaram,33,"44,45,46,47",85000.00,Service,,,0,Monday - Sunday,09:00:00,20:00:00,,,,+91 72000 79051,"[""39539f630a3b94d3ed61ea9d04c9bb05.jpg""]",images/service/16968741171-Atlhea.jpg,"No. 288/265, Konnur High Road, Ayanavaram, Chennai, Tamil Nadu - 600 023","Our expert photographers will capture every special moment of your occasion, and our digital operators will design your photo book to give you a lifetime of joyful memories. You can trust us to restore your precious family photos that may be tattered or faded. We are proud to be the only photo lab in Chennai that processes film rolls.",Wedding Package,https://www.google.com/maps/embed?pb=!1m18!1m12!1m3!1d15544.099430668697!2d80.22304783512767!3d13.097611145295556!2m3!1f0!2f0!3f0!3m2!1i1024!2i768!4f13.1!3m3!1m2!1s0x3a52643457b4ffff%3A0x5229a7f5c1b4a3ec!2sChennai%20Photo%20Studio.!5e0!3m2!1sen!2sin!4v1697451937231!5m2!1sen!2sin,13.099973,80.229245,standard,true,,108,chennaiphotos01@email.com,//chennaiphotostudio.com/,,,,,chennai-photo-studio,2023-09-30 21:50:39+00,2025-11-28 10:43:23+00
e503d1f6-d4d0-4e03-964e-68e4328cb703,,"Residential,   Commercial,   Apartments,   Villa,   Condominium",Prestige Group,Nandanam,42,"280,281,282,287,288,289,290",45000.00,,,40000.00,11,Monday - Friday,09:30:00,18:00:00,,,,+91 87544 84290,"[""d846e38f1196eb61a7b71e1cd7a913e4.jpeg""]","images/service/1696915858Prestige-Windsor-Park,-Chennai,-Clubhouse-lobby.jpg","No. 471, Top Floor, Prestige Polygon, Anna Salai, Nandanam, Chennai, Tamil Nadu - 600 035","The Prestige Group is also very proud to be a part of a city with such diversity and artistic excellence. Prestige Group has been a proud part of the face-lifting of Bengaluru from the retired man's paradise to the Silicon City of India. And after uplifting Bengaluru, Prestige moved to what we believe is the second home to us (Engal Erundam Veedu) - Chennai. With multiple commercial and residential projects already launched and many more in the pipeline, Prestige strives to uplift the Chennai lifestyle as we bring with us the Prestige class and luxury to your doorstep.",,https://www.google.com/maps/embed?pb=!1m18!1m12!1m3!1d124434.9366419059!2d80.03682298061092!3d12.933938887681204!2m3!1f0!2f0!3f0!3m2!1i1024!2i768!4f13.1!3m3!1m2!1s0x3a5266568274f5ab%3A0xc047c46c67c75f0d!2sPrestige%20Estates%20Projects%20Ltd.!5e0!3m2!1sen!2sin!4v1696876547272!5m2!1sen!2sin,13.032894,80.244385,standard,false,,141,chennai@prestigeconstructions.com,http://www.prestigeconstructions.com/,https://www.facebook.com/Prestige.group/,https://twitter.com/prestigegroup/,https://www.instagram.com/prestigeconstructions/,https://www.linkedin.com/company/586796/admin/,prestige-group,2023-09-30 20:24:30+00,2025-12-06 04:48:57+00
e62f0c0f-912d-487e-9157-4625b83480b2,,Aquarium,VGP Marine Kingdom,Injambakkam,26,194,695.00,Person,,,0,Monday - Friday,09:30:00,19:30:00,,,,+91 89399 32222,"[""bdeeecd97342dada47213d06bbd67c2c.jpg"",""2ec0274c1774841e6820ad9339b81dbf.webp"",""d2e3e0c2ec10101c41b7f0a11ce93c57.jfif"",""38181d991caac98be8fb2ecb8bd0f166.jfif"",""77330e1330ae2b086e5bfcae50d9ffae.webp"",""d714d2c5a796d5814c565d78dd16188d.jpg""]",images/service/1697614219vgp 11 (2).jpg,"SH 49, Injambakkam, Chennai, Tamil Nadu 600 115","VGP Marine Kingdom is India's first walk-through aquarium housing small to big aquatic animals, housed in life-size tanks and over-head aquariums. Big aquarium with 5 aquatic zones, an underwater tunnel, touch-pool exhibit & live feeding shows.",General - 695   Junior - 595,https://www.google.com/maps/embed?pb=!1m18!1m12!1m3!1d1944.4654227954588!2d80.250672!3d12.9121662!2m3!1f0!2f0!3f0!3m2!1i1024!2i768!4f13.1!3m3!1m2!1s0x3a525d24f3237985%3A0x2fdefc2effbd9d8b!2sVGP%20Marine%20Kingdom!5e0!3m2!1sen!2sin!4v1695635226997!5m2!1sen!2sin,12.912145,80.250276,standard,true,,145,info@vgpmarinekingdom.in,//vgpmarinekingdom.in/,//www.facebook.com/vgpmarinekingdom,,//www.facebook.com/vgpmarinekingdom,,vgp-marine-kingdom,2023-09-25 09:45:58+00,2025-12-28 02:17:56+00
e970818f-8616-44fc-8ff0-a23e597b5b03,,Non veg,Ahmed Catering,Mandaveli,11,257,600.00,Plate,,,0,Monday - Sunday,05:00:00,22:00:00,,,,+91 91768 68282,"[""409bbd0d0f516a326f2080c26a10d530.png""]",images/service/1707373709df.jpg,"No. 5, 1st Main Road, Jeth Nagar, Mandaveli, Chennai, Tamil Nadu - 600 028","Ahmed Catering is one of the top non-vegetarian catering companies in Chennai. We take a customer-focused stance and employ a process-oriented methodology. We recognise that every customer has unique needs of their own. Our painstaking attention to even the slightest details guarantees a flawless outcome from beginning to end. We believe that quality is the most important factor and should come first. There are only high-quality, freshly chopped components utilised. We utilise only the best quality, meticulously cleaned meat, and we adhere to Halal strictures. In response to your inquiry, we certainly place a great value on cleaning and general hygiene. At Ahmed Catering, we understand that every customer has distinct needs, which translate into distinctive goods. We are willing to make changes to the menu. There will undoubtedly be vegetarians and vegan guests at every event. We can also meet your needs for vegetarian catering.",Non veg - 600,,13.028199,80.262216,premium,true,,1033,ahmedcatering82@gmail.com,//ahmedcatering.in/,//www.facebook.com/ahmedcatering82,//twitter.com/ahmedcatering82,//www.instagram.com/ahmedcatering82,,ahmed-catering,2023-09-21 08:20:07+00,2025-12-25 18:15:35+00
e9d6ef2e-d0a6-4fca-9df8-ea04eaa1ca8b,,"All premium car services,  Specialized in german car engines,  Painting and tinkering work,  OEM spares,  Suspension repairs,  Under chassis coating,  AC repairs",German Motor Works,Kovilambakkam,25,22,6000.00,Charge,,,0,Monday - Saturday,09:30:00,19:30:00,,,,+91 98412 62005,"[""7241bd19bb709da0f46807bde88aed25.jpg""]",images/service/1695880329german 1.jpg,"No. 685, 200 Feet Radial Road, S. Kolathur, Viduthalai Nagar, Kovilambakkam, Chennai, Tamil Nadu -  600 117","German Motor Works, promises to deliver an awes trucking service to its customer. We have experts within the industry who can find the right solution and save your car's health from wearing out in time. Consultation with specialized technicians, root-cause analysis, on-time service and best in industry user experience is our motto. As one of the highly reputed car repair service centers, our mission is to provide a high-tech, personalized, and seamless customer-centric car servicing experience. We are committed to bringing you the best quality of services and maintain a transparent work process.",General Service,https://www.google.com/maps/embed?pb=!1m18!1m12!1m3!1d3888.3686565701596!2d80.1979991!3d12.9482458!2m3!1f0!2f0!3f0!3m2!1i1024!2i768!4f13.1!3m3!1m2!1s0x3a525dd2032edebd%3A0x391862c095df6320!2s685%2C%20200%20Feet%20Radial%20Rd%2C%20S.%20Kolathur%2C%20S.Kolathur%2C%20Viduthalai%20Nagar%2C%20Kovilambakkam%2C%20Chennai%2C%20Tamil%20Nadu%20600117!5e0!3m2!1sen!2sin!4v1695880360923!5m2!1sen!2sin,12.948246,80.197999,premium,true,,1447,imayagmw@gmail.com,//www.germanmotorworks.in/,//www.facebook.com/GMWchennai,,//www.instagram.com/german_motor_works_chennai/,,german-motor-works,2023-09-28 05:52:09+00,2025-12-30 04:09:54+00
ea213c2a-5b42-49ad-b03f-a7cc98cd43d3,,PG for Women,Best Ladies PG/Hostel,Velachery,44,335,7000.00,Month,,7000.00,0,Monday - Sunday,09:00:00,19:00:00,,,,+91 98410 55672,"[""0396df57e78b6d04b6854dd682e27b3c.jpeg""]",images/service/169884480114725332901660634346.jpg,"No. 5 & 6, MDM Enclave, Shastri Street, Baby Nagar, Velachery, Chennai, Tamil Nadu - 600 042",Our hostel is a modest and comfortable one which is located in one of the safe and secure neighbourhood in velachery. We customized the building so that each and every room or cabin with its own window and electric light.,,https://www.google.com/maps/embed?pb=!1m18!1m12!1m3!1d124414.47125499109!2d80.14570374360463!3d12.974907435586205!2m3!1f0!2f0!3f0!3m2!1i1024!2i768!4f13.1!3m3!1m2!1s0x3a525d9c94ee5eeb%3A0x5aa4bf3ae5184568!2sBEST%20LADIES%20HOSTEL%2FLADIES%20PG!5e0!3m2!1sen!2sin!4v1699272974815!5m2!1sen!2sin,12.974920,80.228106,standard,true,,115,info@womenshostelchennai.com,//womenshostelchennai.com/,//womenshostelchennai.com/#,,,,best-ladies-pghostel,2023-10-25 08:58:18+00,2025-12-28 10:15:00+00
ea3e9e4c-c33b-4c9b-8d95-3ee14dd8ee6b,,"Hair cut,    Hair colour,    Waxing,    Threading,    Hair spa treatment,    Keratin,    Smoothening,    Manicure,    Pedicure",Vurve Signature Salon,Alwarpet,22,"111,114,116,117,118,119,120,121,122,124,126",900.00,,,,0,Monday - Sunday,10:00:00,21:00:00,,,,044-45054433,"[""69cd21a0e0b7d5f05dc88a0be36950c7.jpg""]",images/service/1696095076vurve.jpeg,"No. 1, CP Ramaswamy Road, Subbaraya Avenue, Vidhya Thirtha Nagar, Alwarpet, Chennai, Tamil Nadu - 600 018","Service Excellence, Distinct Fashion Sense, and Creative Expertise defines the brand Vurve. Over the last 2 years, with 2500 Client Walk-ins per month, 5500 man-hours of pure Skill and Passion, the brand has grown with four premier Signature Salons in Chennai and Bangalore and complemented with two rapidly growing Premier Salons and an Academy. Owing to the presence of a reliable and experienced beauty team, Vurve has now launched Vurve Academy - a revolutionary institute that is aimed to produce educated and skilled beauty professionals, and Salon Blow - a chain of premium salons now present in 2 locations in Chennai. As the core team, Rebecca Samuel, Manoj Samuel, Sushil Thomas and Sathya Marie explored the challenges of the beauty industry, Vurve was born setting the standards high for beauty and makeup.","Men, Women & Kids Hair cut and more.",https://www.google.com/maps/embed?pb=!1m18!1m12!1m3!1d62192.1506445511!2d80.18646822400906!3d13.03507224509276!2m3!1f0!2f0!3f0!3m2!1i1024!2i768!4f13.1!3m3!1m2!1s0x3a5267b151f7eddf%3A0x95215c2b4d0909cb!2sVURVE%20Signature%20Salon!5e0!3m2!1sen!2sin!4v1696847153886!5m2!1sen!2sin,13.029899,80.256374,premium,true,,1763,contact@vurvesalon.com,//www.vurvesalon.com/,//www.facebook.com/VurveSalon,//twitter.com/VurveSalon,//www.instagram.com/vurvesalon/,,vurve-signature-salon,2023-09-30 17:31:16+00,2025-12-30 03:53:17+00
ebf61f1a-cec3-4c7a-9210-117f42a9a758,,"Games,       Arcade,   Kids play zone,   Parties and events",Timezone Marina Mall,Nungambakkam,26,198,1000.00,Charge,,,0,Monday - Sunday,11:00:00,23:00:00,,,,+91 98845 69885,"[""a9de093d0622ed782d267fa3f1953228.jpg""]",images/service/1696054502377493217_698152222339330_7771802620145720924_n.jpg,"No. 13/1A, Marina Mall, Egattur Village, Old Mahabalipuram Road, Chennai, Tamil Nadu - 600 130","Timezone Marina Mall is the perfect place in Chennai for your child’s birthday party as the party venues are filled with games that can entertain their best friends and parents for hours on end. Form groups and host a mini bowling tournament for the kids at the kid zone or if you feel like it, parents can also battle it out with their kids over a wide selection of games in virtual reality over at the gaming zone.",,https://www.google.com/maps/embed?pb=!1m18!1m12!1m3!1d124431.5540458305!2d80.14010749298215!3d12.940719117387557!2m3!1f0!2f0!3f0!3m2!1i1024!2i768!4f13.1!3m3!1m2!1s0x3a525b8de486d591%3A0xf8543612a94ab5c7!2sTimezone%20Marina%20Mall%20in%20Chennai%20-%20Virtual%20Reality%2C%20Arcade%20Games%20%26%20Bumper%20Cars!5e0!3m2!1sen!2sin!4v1696597064431!5m2!1sen!2sin,12.836097,80.229477,premium,true,,391,tzmarinamall@timezoneindia.com,//www.timezonegames.com/en-in,//www.facebook.com/timezonegames/,,//www.instagram.com/timezonegames/,,timezone-marina-mall,2023-09-30 06:15:02+00,2025-12-15 20:21:29+00
ec7e2078-f9d7-444a-a679-1f16c7103eac,,Hair cut,Zazzle Salon,Nungambakkam,22,111,885.00,,,,0,Monday - Sunday,10:00:00,21:00:00,,,,+91 96100 56789,"[""919d2356219c1fa0c0bd560246532c72.jpg""]",images/service/1695723483zazzle 1.jpg,"New No. 21, Old No. 10, 1st Floor, Wallace Garden 3rd Street, Nungambakkam, Chennai, Tamil Nadu - 600 006","Zazzle Salons is one of Chennai's best for hair, skin, bridal, and nail services. As an escape from daily life, our unisex beauty salon offers a variety of treatments to relax, boost, and look your best. Visit our salon near you to indulge yourself and uncover your best self in over 10 southern Indian locales. Our trained technicians use cutting-edge methods, technology, and top-brand products to provide you with excellent service. To make you feel your best, each service is customised to your needs. We think true beauty comes from inside, so our luxury beauty salon promotes wellness and self-care as well as external looks. Our luxury treatments will revive you inside and out. In addition to precision cuts and colour treatments, we provide exquisite facials and body treatments to make you look and feel your best. There are also branches in Trichy, Coimbatore, Pondicherry, Thanjavur, Erode, and Bangalore. Zazzle Salons offers the finest pampering and refreshment.","Men, Women & Kids Hair cut and more.",https://www.google.com/maps/embed?pb=!1m18!1m12!1m3!1d3886.598472860732!2d80.2498064!3d13.061211!2m3!1f0!2f0!3f0!3m2!1i1024!2i768!4f13.1!3m3!1m2!1s0x3a5267d439bbbc47%3A0x7fe35f6598fdd9eb!2sZazzle%20salon%20-%20Nungambakkam%20Chennai!5e0!3m2!1sen!2sin!4v1695723513630!5m2!1sen!2sin,13.061211,80.249806,premium,true,,1870,info.zazzlesalon@gmail.com,//www.zazzlesalon.com/,//www.facebook.com/zazzlesalonandbridalstudio,,//www.instagram.com/zazzlesalons,,zazzle-salon,2023-09-26 10:18:03+00,2025-12-30 04:52:29+00
ed0af539-1bd2-4b5b-bdc0-c7925f083db4,,"Resort,          Villa",The Blue House,Sholinganallur,18,96,25000.00,Day,,,0,Monday - Sunday,,,,,,+91 63832 82186,"[""97275a23ca44226c9964043c8462be96.jpg"",""3f647cadf56541fb9513cb63ec370187.jpg"",""535ab76633d94208236a2e829ea6d888.webp"",""7a576629fef88f3e636afd33b09e8289.jpg"",""7cac11e2f46ed46c339ec3d569853759.jpg""]",images/service/1696507001blue.webp,"New No. 10, 5th Avenue, Sea Cliff Conclave, Water Edge Lane, Akkarai, Sholinganallur, Chennai, Tamil Nadu - 600 119","The Blue house is one of the best beach villas in Chennai (East Coast Road) that can be used for any type of events and family vacations. The property features a private swimming pool with 68,000 square feet of multi-tiered planted gardens. The property has 5 bedrooms and 3.5 bathrooms and can accommodate a maximum of 500 people. Possible events at the hotel are Weddings, Beach Weddings, Mehandi, Fashion Shows, Day Tours, Destination Weddings, Bridal Suites, Honeymoon Packages, Engagements, Birthday parties, weddings, anniversaries, corporate parties. , meetings, class reunions, brand promotion or  family reunions.",2 BHK and 5BHK Villa,https://www.google.com/maps/embed?pb=!1m18!1m12!1m3!1d124417.64431500285!2d80.15552054348899!3d12.968563791485556!2m3!1f0!2f0!3f0!3m2!1i1024!2i768!4f13.1!3m3!1m2!1s0x3a525bb8ca02896d%3A0x3a006ec5b26bafea!2sThe%20Blue%20House-%20Resorts%20In%20Ecr%20%7C%20Beach%20House%20In%20Ecr!5e0!3m2!1sen!2sin!4v1696507064341!5m2!1sen!2sin,12.893794,80.252927,premium,true,,320,bluehouseecr@gmail.com,//thebluehouseecr.com/,//www.facebook.com/Blue-House-ECR-196725524304464/,,//www.instagram.com/thebluehouseecr/,,the-blue-house,2023-09-25 07:13:51+00,2025-09-11 01:11:56+00
eeab6012-de68-42fc-a0f6-926acc452789,,"Bike rental,        Self-drive car rental",Worktown Rentals,Manapakkam,38,"252,253",1800.00,Charge,,,0,Monday - Sunday,06:00:00,05:59:00,,,,+91 63816 89749,"[""f5aa4bd09c07d8b2f65bad6c7cd3358f.jpg""]",images/service/1697459408rent44.jpeg,"No. 19, Church street, Ramapuram, Ambedkar Nagar, Manapakkam, Chennai, Tamil Nadu - 600 125","We are here for you, to provide you with self-drive cars and bikes. You can rent a car or bike for long travels, hill drives, chilling around with loved ones, business needs and a lot more. Simply said, we have a ride for all of us. We as a team are working towards the most luxurious and ecological ways for all of us to travel. We are always reachable in the numbers and mail ID given.",Out station Rental cars,https://www.google.com/maps/embed?pb=!1m18!1m12!1m3!1d1356.5655369490876!2d80.17713194763178!3d13.01484228123115!2m3!1f0!2f0!3f0!3m2!1i1024!2i768!4f13.1!3m3!1m2!1s0x3a52615ea4edac55%3A0x8bccecdecc5504fa!2sWorkktown%20Self%20Drive%20Car%20Rentals!5e0!3m2!1sen!2sin!4v1711656958259!5m2!1sen!2sin,13.015075,80.178592,standard,true,,351,admin@worktownrentals.in,//www.worktownrentals.in/,//www.facebook.com/worktownrentals/,//twitter.com/Worktown2,//www.instagram.com/workktownrentals/,,worktown-rentals,2023-09-30 11:48:04+00,2025-12-27 09:13:11+00
eef51cc2-5b23-4f81-9ed5-447f6cda31e4,,Wedding hall,Chennai Convention Centre Marriage Hall,ECR - East Coast Road,15,33,80000.00,,,78000.00,2,Monday - Sunday,08:00:00,20:00:00,,,,+91 98847 55582,"[""e698959e9b93e4de823526327ffed84a.png"",""29e1c59be16c852670e3be302e8c303b.png"",""7c0f63c15f8749d716ba1ac9121cc1a8.png"",""63c6598e9ddd2961e7dfa4d4eb8144a1.png""]",images/service/1710426355IMG-20181027-WA0028.jpg,"No. 82, East Coast Road, First Avenue, Vettuvankeni, Chennai, Tamil Nadu - 600 115","The Chennai Convention Centre is one of the best and preferred choices for wedding venues in Chennai. Established in 2015, the marriage hall maintains a fresh appearance that amplifies the allure, refinement, and elegance of any event it hosts. Featuring a stunning high ceiling, marble-like flooring, and amazing lighting, our luxurious 500-seat venue perfectly captures the grandeur of the Chennai Convention Centre. Our enormous 7,000-square-foot lawn is spacious and well-suited for events with over 700 attendees. The convention centre wanted to be the best wedding venue in Chennai. That was its main objective. Within a span of three short years, we achieved and surpassed the goal. These days, we cater to every social gathering. We can decorate the AC Kalyana Mandapam in Chennai for any event, ranging from romantic engagements to official conferences, from inventive birthdays to traditional weddings, and from exciting cocktail parties to business meetings.",,https://www.google.com/maps/embed?pb=!1m18!1m12!1m3!1d124394.48901291486!2d80.10850954433279!3d13.014786498514761!2m3!1f0!2f0!3f0!3m2!1i1024!2i768!4f13.1!3m3!1m2!1s0x3a5267345ceaf5c7%3A0x10e38097226b26db!2sChennai%20Convention%20Centre!5e0!3m2!1sen!2sin!4v1696503131246!5m2!1sen!2sin,12.934718,80.251997,standard,true,,363,info@chennaiconventioncentre.com,//www.chennaiconventioncentre.com/,//www.facebook.com/chennaiconventioncentre/,//twitter.com/ChennaiCCentre,//www.instagram.com/chennaiconventioncentre/,,chennai-convention-centre-marriage-hall,2023-09-23 06:29:41+00,2025-12-27 20:30:34+00
f02275c3-6d85-42d7-90d2-74b6ab5d3728,,Diving,Dive India Chennai,Kovalam,21,18,8000.00,,,7500.00,6,Monday - Sunday,10:00:00,19:00:00,,,,+91 77188 41966,"[""7dc3338d429a3114842ca29dbbfccfef.jfif""]",images/service/1696424559div ind 1.jfif,"No. 9/9, Muthumarriamman Koil Street, SH 49, Near Taj Fisherman’s Cove, Kovalam, Tamil Nadu - 603 112","Though we all are different in our own unique ways, the common feeling of curiosity makes us special and feels Human. It is wider than the sky and deeper than the ocean. We are constantly searching for new worlds and novel realms to experience something magical, feel something mystical and go beyond the frame of life where no one has been before.",,https://www.google.com/maps/embed?pb=!1m18!1m12!1m3!1d62245.0513411479!2d80.20625358143559!3d12.822864186832772!2m3!1f0!2f0!3f0!3m2!1i1024!2i768!4f13.1!3m3!1m2!1s0x3a52512b38102597%3A0xe7dc10a187d17b86!2sDIVE%20India%20Chennai%20-%20Learn%20Scuba%20Diving%20in%20Chennai!5e0!3m2!1sen!2sin!4v1696856893947!5m2!1sen!2sin,12.864221,80.242101,premium,true,,238,info@diveindia.com,https://diveindia.com/,https://www.facebook.com/diveindia.andamans/,,https://www.instagram.com/diveindia/,,dive-india-chennai,2023-10-04 13:02:39+00,2025-12-15 03:25:09+00
f09a1db9-c2c8-46ab-b06d-9b8c1e2ed416,,"Non veg,     Veg",Kasikannu Catering Services,Poonamallee,11,36,400.00,Plate,,,0,Monday - Sunday,00:00:00,12:00:00,,,,+91 96886 62323,"[""ea4eb49329550caaa1d2044105223721.jpg""]",images/service/1695373203kasikanu 12.jpg,"No. 34, Ramanuja Kooda Street, Poonamallee, Chennai, Tamil Nadu - 600 056","Kasikannu Catering World, the award-winning premium catering service in Chennai, serves exceptional food for weddings, events, corporates, and industries. We are a second-generation company that has earned its name by being customer-focused. We pride ourselves on being the best and delivering the best, since our clients want perfection. We enhance unforgettable events with our wide range of culinary specialties, elegant presentation, and attentive service. Our 1000+ satisfied customers and expertise managing large events across Tamil Nadu are a testament to our abilities. Our food is fantastic, and guests rave about it because of our generations-old recipes and fresh ingredients. Our professional management ensures exceptional devotion and contract fulfilment. Our 10,000+ sq. ft. central kitchen lets us manage several events without compromising taste, food quality, value, or service. After years in this industry, our planning, logistics, hygiene, preparations, and management are immaculate. Our customers receive peace of mind and an unmatched culinary experience and service. A world of trust, integrity, taste, legacy, and service awaits you.",Veg - 400   Non veg- 500,https://www.google.com/maps/embed?pb=!1m18!1m12!1m3!1d124374.17017071789!2d80.0757454450732!3d13.055214560958683!2m3!1f0!2f0!3f0!3m2!1i1024!2i768!4f13.1!3m3!1m2!1s0x3a528a7632c11469%3A0xc8a53dbfbbcd5780!2sKasikannu%20Catering%20World!5e0!3m2!1sen!2sin!4v1696498880297!5m2!1sen!2sin,13.042472,80.096834,premium,true,,251,kasikannucateringworld@gmail.com,//kasikannucateringworld.in/,//www.facebook.com/KasikannuCateringWorld,//www.instagram.com/kasikannucatering/,//www.instagram.com/kasikannucatering/,,kasikannu-catering-services,2023-09-22 09:00:03+00,2025-12-13 15:58:41+00
f30ba244-a335-4dd5-a9bc-58ac9ec54d6b,,Healthcare,Kumaran Hospital,Kilpauk,17,90,2500.00,,,2400.00,4,Monday - Sunday,00:00:00,23:59:00,,,,+91 98410 04625,"[""6d9cb7de5e8ac30bd5e8734bc96a35c1.jpg""]",images/service/1719658340aaa.jpg,"No. 214, E.V.R Periyar Salai, Poonamallee High Road, Kilpauk, Chennai, Tamil Nadu - 600 010","Kumaran Hospital is committed to delivering high quality, personalized care to people of all ages and in every stage of life. Kumaran Hospital is firmly centered on a strong tradition of community and patient-focused care. We will be the first choice for hospital-related services in this area. We will differentiate from other hospitals by continually evaluating the needs of the communities and patients we serve and adding new services and technologies to meet those needs.",Hospital,https://www.google.com/maps/embed?pb=!1m18!1m12!1m3!1d124362.18264819079!2d80.16664304551003!3d13.079008338867338!2m3!1f0!2f0!3f0!3m2!1i1024!2i768!4f13.1!3m3!1m2!1s0x3a5264f474239e37%3A0xe82e4768e3e0e2ed!2sKumaran%20Hospital!5e0!3m2!1sen!2sin!4v1696497501822!5m2!1sen!2sin,13.079021,80.249045,standard,true,,218,kumaranhospitals@hotmail.com,//kumaranhospitals.com/,,,,,kumaran-hospital,2023-09-22 10:42:49+00,2025-12-30 07:25:08+00
f4eca32f-9291-4a0e-b26b-3df7e3cbfd5b,,"Manicure,        Pedicure,      Bridal makeup,      Hair colouring,      Hair treatment,      Skin treatment,      Dream makeovers,      hair extension",PLSH Unisex Salon,T. Nagar,22,"122,111,117,118,119",650.00,Charge,,,0,Monday - Sunday,10:00:00,21:00:00,,,,+91 95660 37758,"[""29d74915e1b323676bfc28f91b3c4802.jpeg""]",images/service/1697301475salon1.jpeg,"No. 18, G.N. Chetty Road , T. Nagar, Chennai, Tamil Nadu - 600 017","PLSH Unisex Salon is one of the leading salons in Chennai. In an effort to create the ideal appearance for you, our stylists at PLSH begin with a thorough consultation to learn about your skin tone, hair type, face shape, and lifestyle. This way, you can leave with a style personalized especially for you. In addition to being experts in hairstyling, we are also knowledgeable in makeup, pre-wedding services, relaxation and pampering. Under the guidance and care of top stylists, Vahini and Biswajit, our salon strives for excellence and ensures that every customer is satisfied. Use PLSH Spa treatments to revitalize your body, mind and soul. As a salon, our sole goal is to provide you with the best hair styling services in town. We have the best equipment to give you the best experience possible.","Men, Women & Kids Hair cut and more.",https://www.google.com/maps/embed?pb=!1m18!1m12!1m3!1d3886.8745824158586!2d80.2345340751094!3d13.043654213294433!2m3!1f0!2f0!3f0!3m2!1i1024!2i768!4f13.1!3m3!1m2!1s0x3a5267bf25a63fbb%3A0x9a3b358e21499c5!2sPLSH%20Unisex%20Salon%20-%20Haircuts%20T.Nagar%20%7C%20Bridal%20Makeup%20%7C%20Keratin%20%7C%20Hair%20Colouring%20%7C%20Hair%20Smoothening!5e0!3m2!1sen!2sin!4v1697527594273!5m2!1sen!2sin,13.043649,80.237109,standard,true,,129,info@plshair.com,//plshair.com/,//www.facebook.com/plshsalon/,,//www.instagram.com/plshsalon/,,plsh-unisex-salon,2023-09-26 06:46:14+00,2025-12-23 00:04:43+00
f4f40517-8738-4939-bf61-81590ce037e4,,"Mental Health,    Parenting",Doc Gautham's Neuro Centre,Chetpet,29,305,3000.00,Charge,,,0,Monday - Friday,16:00:00,18:00:00,Saturday - Sunday,09:00:00,12:00:00,+91 95661 33660,"[""f7ae58c7f1a1cc4abe9273a0f971ba2a.jpg""]",images/service/1697004023yhim-psychiatric-hospital-istock-516141006-factsheet.jpg,"No. 4/68, Pachaiappas College Hostel Rd, near Ega Theatre, Dasspuram, Chetpet, Chennai, Tamil Nadu - 600 031","People seek mental health consultation for a variety of reasons; for themselves or their families; for home or work relationship issues; for persistently feeling uncomfortable or on edge; for personal tragedy, long-lasting discouragement, or depression; for child or teen behavior or discipline issues; for adult behaviour problems including stress; anxiety; anger; depression; low self-esteem; tension; alcohol / drug addiction; and many other reasons. Disorders of thinking and behavior are biological and treatable. They are not related to your character. You cannot overcome them through will power, Yoga, Meditation etc. They are caused by chemical imbalances in the brain and are like Diabetes of the mind.",General Consultation,https://www.google.com/maps/embed?pb=!1m18!1m12!1m3!1d124386.56721373244!2d80.1269889131436!3d13.030563030566597!2m3!1f0!2f0!3f0!3m2!1i1024!2i768!4f13.1!3m3!1m2!1s0x3a52667b91654503%3A0x300045539626a97a!2sDoc%20Gautham's%20Neuro%20Centre%20-%20%22We%20Re-Mind%20Your%20Brain%22!5e0!3m2!1sen!2sin!4v1697004031434!5m2!1sen!2sin,13.073544,80.238581,premium,true,,162,info@docgautham.com,//docgautham.com/,,,,,doc-gautham's-neuro-centre,2023-10-11 06:00:23+00,2025-12-21 15:39:51+00
fa98d996-ae49-4d24-9143-11a46dbc2f28,,Off Road Sports,Off Road Sports,ECR - East Coast Road,21,17,750.00,Person,,,0,Monday - Sunday,10:00:00,19:30:00,,,,+91 98409 22122,"[""d465f14a648b3d0a1faa6f447e526c60.webp""]",images/service/1696423720off road 2.jpg,"No. 168/3D, Pattipulam, East Coast Road, 2kms from Dolphin City, Chennai, Tamil Nadu - 603 104","The Off Road Sports (ORS), An adventurous ATV sport center, which is unique of its kind, was started on October 2009. To meet the growing demand for an outdoor sports activity center ORS introduced ATV ride on off-road track and enthralling beach trials. ATV is a quad bike, a four-wheeler. As the name implies, it plays well in almost all terrain, especially the sand terrain.","Zip line, ATV ride, etc.",https://www.google.com/maps/embed?pb=!1m18!1m12!1m3!1d3892.486525382751!2d80.21204637510485!3d12.681636421169191!2m3!1f0!2f0!3f0!3m2!1i1024!2i768!4f13.1!3m3!1m2!1s0x3a52666a3b499e4f%3A0x1bb6e517afe62c43!2sOff%20Road%20Sports!5e0!3m2!1sen!2sin!4v1696857243697!5m2!1sen!2sin,12.681631,80.214621,standard,true,,233,sunder@offroadecr.com,//www.offroadecr.com/,,,,,off-road-sports,2023-10-04 12:48:40+00,2025-12-10 18:48:39+00
fcc80bf5-4c1b-45ef-94c8-ff85c6f0716a,,"Chess,     Badminton,     Archery,     Gym,     Carrom,     Billiards,     Yoga",Meenakshi Sports Academy,Kolathur,35,"222,225,228",1500.00,Month,,,0,Monday - Sunday,06:00:00,21:00:00,,,,+91 90031 96994,"[""c61fbef63df5ff317aecdc3670094472.jpg""]",images/service/1695908576billiards.jpg,"No. 6, Sri Lakshmi Amman Nagar,  Puthagaram, Kolathur, Chennai, Tamil Nadu - 600 09","At Meenakshi Sports Academy We believe it is our responsibility to give the best attention to your career in badminton and bring quality badminton to you. We are offering both group and individual sessions, we are a fun and friendly environment in which to learn new skills and improve your game. Our goal is to produce champions and help people achieve excellence in their sports discipline. Our training methods can be improved by a professional and seasoned coach who has been more experienced in the field of competitive badminton. This is an ideal opportunity for beginners and adults to become pro player.",Badminton,https://www.google.com/maps/embed?pb=!1m18!1m12!1m3!1d62178.242398449845!2d80.1602997742579!3d13.090302982272691!2m3!1f0!2f0!3f0!3m2!1i1024!2i768!4f13.1!3m3!1m2!1s0x3a52649b60c71c83%3A0x70a0cd3beaa6dab1!2sMeenakshi%20Sports%20Academy!5e0!3m2!1sen!2sin!4v1696582529537!5m2!1sen!2sin,13.137800,80.193393,standard,true,,85,info@meenakshisportsacademy.com,//meenakshisportsacademy.com/,//www.facebook.com/meenakshisports/,,//instagram.com/meenakshisportsacademy?igshid=YmMyMTA2M2Y=,,meenakshi-sports-academy,2023-09-28 13:42:56+00,2025-12-25 10:44:39+00
fcd337b8-9e26-4ade-8635-0b22cbf3c44b,,"Batteries,     Periodic services,     Car spa cleaning,     Denting,     Painting,     Tyre and wheel care,     AC repair and service,     Custom service,     Detailing services",KKR Motors,Pallavaram,25,"1,10,21,22",4000.00,,,,0,Monday - Sunday,00:00:00,23:59:00,,,,+91 70103 23278,"[""6950aa02ae8613af620668146dd11840.jpg""]",images/service/1695921032ab1.jpg,"No. 9, Malliga Nagar, Vel's university Main Road, Pallavaram, Chennai, Tamil Nadu - 600 043","We are KKR motors our top-quality premium auto repair maintenance service to our wonderful customers in Chennai and we are taking control of your vehicle well experienced and professional car service persons, and they are given the most qualified technicians and utilizing the best automotive technology and diagnostic equipment to service, fix and maintain your high-end vehicle and we are in",General Service,https://www.google.com/maps/embed?pb=!1m18!1m12!1m3!1d62201.73265497751!2d80.14044292383763!3d12.996887153963302!2m3!1f0!2f0!3f0!3m2!1i1024!2i768!4f13.1!3m3!1m2!1s0x3a525e44798c3517%3A0xa12c4631da14ef48!2sKKR%20Motors!5e0!3m2!1sen!2sin!4v1696587066835!5m2!1sen!2sin,12.955977,80.159266,premium,true,,1493,kkcarworks@gmail.com,//kkrmotors.in/,,,,,kkr-motors,2023-09-28 17:10:32+00,2025-12-30 10:58:30+00
ffb7580a-3d6a-427f-a959-6586b53e9715,,"Veneers,       Laminates,       Tooth Jewellery,       Smile Makeover,       Cosmetic Reshaping of Teeth,       Ceramic Crowns and Fixed Bridges",Care Dental Clinic,Villivakkam,29,300,300.00,Charge,,,0,Monday - Saturday,10:00:00,21:00:00,Sunday,10:00:00,14:00:00,+91 99940 70593,"[""67ff32d40fb51f1a2fd2c4f1b1019785.avif""]",images/service/1696402830care 1.jfif,"No. 4, New Avadi Road, South High Court Colony, Thiru Nagar, Villivakkam, Chennai, Tamil Nadu - 600 049","Care dental hospital is one of the most leading providers of comprehensive, seamless, and integrated world class dental care services. We offer the best-in-class services to our patients. We are committed to provide the highest standards of medical excellence at the best price. Best dental hospital in Chennai is our level of amenity and eye for dealing in everything that we do that rightly sets us apart and makes us the ultimate dental care provider of choice for millions of patients. Our passion well reflects in the fact that we set the industry standards when it comes to dental cure, care and comfort. To deliver international class dental care with a total service focus, by creating an institution committed to the highest standards of dental treatment and service excellence, patient care, scientific knowledge and dental education. We pledge to deliver you the utmost dental treatment and resolve the dental abnormalities in a very short time span. The hospital provides a wide array of dental services such as Veneers/laminates, tooth jewellery, smile makeover, cosmetic reshaping of teeth, Ceramic crowns and fixed bridges, partial and complete dentures, tooth filling, esthetic dentistry, cosmetic dentistry, root canal, implant dentistry, laser dentistry, pediatric dentistry, sleep dentistry etc.",General Consultation,https://www.google.com/maps/embed?pb=!1m18!1m12!1m3!1d15543.731137961602!2d80.19290354944083!3d13.1034446186356!2m3!1f0!2f0!3f0!3m2!1i1024!2i768!4f13.1!3m3!1m2!1s0x3a52646cbbf4f56b%3A0xbf37a21a8fe08488!2sCare%20Dental%20Clinic!5e0!3m2!1sen!2sin!4v1696858195620!5m2!1sen!2sin,13.103414,80.203203,standard,true,,72,drcarun@gmail.com,//caredentalhospital.co.in/,,,,,care-dental-clinic,2023-10-04 07:00:30+00,2025-12-21 15:23:40+00